nazionalita,migranti_sbarcati,data_riferimento,filename
Bangladesh,199,2017-01-31,cruscotto_statistico_giornaliero_31_gennaio_2017_3.pdf
Costa d’Avorio,594,2017-01-31,cruscotto_statistico_giornaliero_31_gennaio_2017_3.pdf
Guinea,548,2017-01-31,cruscotto_statistico_giornaliero_31_gennaio_2017_3.pdf
Nigeria,325,2017-01-31,cruscotto_statistico_giornaliero_31_gennaio_2017_3.pdf
Marocco,241,2017-01-31,cruscotto_statistico_giornaliero_31_gennaio_2017_3.pdf
Senegal,232,2017-01-31,cruscotto_statistico_giornaliero_31_gennaio_2017_3.pdf
Mali,220,2017-01-31,cruscotto_statistico_giornaliero_31_gennaio_2017_3.pdf
Gambia,148,2017-01-31,cruscotto_statistico_giornaliero_31_gennaio_2017_3.pdf
Iraq,131,2017-01-31,cruscotto_statistico_giornaliero_31_gennaio_2017_3.pdf
altre*,1786,2017-01-31,cruscotto_statistico_giornaliero_31_gennaio_2017_3.pdf
Camerun,80,2017-01-31,cruscotto_statistico_giornaliero_31_gennaio_2017_3.pdf
Senegal,1215,2017-02-28,cruscotto_statistico_giornaliero_28_febbraio_2017_2.pdf
Bangladesh,1303,2017-02-28,cruscotto_statistico_giornaliero_28_febbraio_2017_2.pdf
Marocco,977,2017-02-28,cruscotto_statistico_giornaliero_28_febbraio_2017_2.pdf
Costa d’Avorio,1645,2017-02-28,cruscotto_statistico_giornaliero_28_febbraio_2017_2.pdf
Gambia,1244,2017-02-28,cruscotto_statistico_giornaliero_28_febbraio_2017_2.pdf
Mali,645,2017-02-28,cruscotto_statistico_giornaliero_28_febbraio_2017_2.pdf
Pakistan,271,2017-02-28,cruscotto_statistico_giornaliero_28_febbraio_2017_2.pdf
Nigeria,1687,2017-02-28,cruscotto_statistico_giornaliero_28_febbraio_2017_2.pdf
altre*,2085,2017-02-28,cruscotto_statistico_giornaliero_28_febbraio_2017_2.pdf
Iraq,275,2017-02-28,cruscotto_statistico_giornaliero_28_febbraio_2017_2.pdf
Guinea,2092,2017-02-28,cruscotto_statistico_giornaliero_28_febbraio_2017_2.pdf
Guinea,3100,2017-03-31,cruscotto_statistico_giornaliero_31_marzo_2017_2.pdf
Nigeria,3014,2017-03-31,cruscotto_statistico_giornaliero_31_marzo_2017_2.pdf
Senegal,1887,2017-03-31,cruscotto_statistico_giornaliero_31_marzo_2017_2.pdf
Bangladesh,2739,2017-03-31,cruscotto_statistico_giornaliero_31_marzo_2017_2.pdf
Costa d’Avorio,2453,2017-03-31,cruscotto_statistico_giornaliero_31_marzo_2017_2.pdf
altre*,5314,2017-03-31,cruscotto_statistico_giornaliero_31_marzo_2017_2.pdf
Eritrea,577,2017-03-31,cruscotto_statistico_giornaliero_31_marzo_2017_2.pdf
Somalia,634,2017-03-31,cruscotto_statistico_giornaliero_31_marzo_2017_2.pdf
Mali,1118,2017-03-31,cruscotto_statistico_giornaliero_31_marzo_2017_2.pdf
Marocco,1257,2017-03-31,cruscotto_statistico_giornaliero_31_marzo_2017_2.pdf
Gambia,2187,2017-03-31,cruscotto_statistico_giornaliero_31_marzo_2017_2.pdf
Gambia,2848,2017-04-30,cruscotto_statistico_giornaliero_30_aprile_2017_3.pdf
Pakistan,1026,2017-04-30,cruscotto_statistico_giornaliero_30_aprile_2017_3.pdf
altre*,7341,2017-04-30,cruscotto_statistico_giornaliero_30_aprile_2017_3.pdf
Bangladesh,4575,2017-04-30,cruscotto_statistico_giornaliero_30_aprile_2017_3.pdf
Guinea,4183,2017-04-30,cruscotto_statistico_giornaliero_30_aprile_2017_3.pdf
Costa d’Avorio,3920,2017-04-30,cruscotto_statistico_giornaliero_30_aprile_2017_3.pdf
Senegal,2555,2017-04-30,cruscotto_statistico_giornaliero_30_aprile_2017_3.pdf
Marocco,2415,2017-04-30,cruscotto_statistico_giornaliero_30_aprile_2017_3.pdf
Mali,1878,2017-04-30,cruscotto_statistico_giornaliero_30_aprile_2017_3.pdf
Nigeria,5250,2017-04-30,cruscotto_statistico_giornaliero_30_aprile_2017_3.pdf
Eritrea,1043,2017-04-30,cruscotto_statistico_giornaliero_30_aprile_2017_3.pdf
Bangladesh,6352,2017-05-31,cruscotto_statistico_giornaliero_del_31_maggio_2017_1.pdf
Guinea,5423,2017-05-31,cruscotto_statistico_giornaliero_del_31_maggio_2017_1.pdf
Costa d’Avorio,5142,2017-05-31,cruscotto_statistico_giornaliero_del_31_maggio_2017_1.pdf
Gambia,3654,2017-05-31,cruscotto_statistico_giornaliero_del_31_maggio_2017_1.pdf
Senegal,3555,2017-05-31,cruscotto_statistico_giornaliero_del_31_maggio_2017_1.pdf
Marocco,3241,2017-05-31,cruscotto_statistico_giornaliero_del_31_maggio_2017_1.pdf
Mali,2710,2017-05-31,cruscotto_statistico_giornaliero_del_31_maggio_2017_1.pdf
Sudan,1840,2017-05-31,cruscotto_statistico_giornaliero_del_31_maggio_2017_1.pdf
Nigeria,8048,2017-05-31,cruscotto_statistico_giornaliero_del_31_maggio_2017_1.pdf
Pakistan,1786,2017-05-31,cruscotto_statistico_giornaliero_del_31_maggio_2017_1.pdf
altre*,18449,2017-05-31,cruscotto_statistico_giornaliero_del_31_maggio_2017_1.pdf
Bangladesh,7504,2017-06-30,cruscotto_statistico_giornaliero_del_30_giugno_2017_1.pdf
Guinea,7057,2017-06-30,cruscotto_statistico_giornaliero_del_30_giugno_2017_1.pdf
Nigeria,12045,2017-06-30,cruscotto_statistico_giornaliero_del_30_giugno_2017_1.pdf
Costa d’Avorio,6655,2017-06-30,cruscotto_statistico_giornaliero_del_30_giugno_2017_1.pdf
Gambia,4675,2017-06-30,cruscotto_statistico_giornaliero_del_30_giugno_2017_1.pdf
Senegal,4413,2017-06-30,cruscotto_statistico_giornaliero_del_30_giugno_2017_1.pdf
Mali,4101,2017-06-30,cruscotto_statistico_giornaliero_del_30_giugno_2017_1.pdf
Marocco,3734,2017-06-30,cruscotto_statistico_giornaliero_del_30_giugno_2017_1.pdf
Sudan,3374,2017-06-30,cruscotto_statistico_giornaliero_del_30_giugno_2017_1.pdf
Eritrea,2690,2017-06-30,cruscotto_statistico_giornaliero_del_30_giugno_2017_1.pdf
altre*,27112,2017-06-30,cruscotto_statistico_giornaliero_del_30_giugno_2017_1.pdf
Senegal,5355,2017-07-31,cruscotto_statistico_giornaliero_del_31_luglio_2017_1.pdf
Gambia,5460,2017-07-31,cruscotto_statistico_giornaliero_del_31_luglio_2017_1.pdf
Nigeria,16131,2017-07-31,cruscotto_statistico_giornaliero_del_31_luglio_2017_1.pdf
altre*,22564,2017-07-31,cruscotto_statistico_giornaliero_del_31_luglio_2017_1.pdf
Marocco,4630,2017-07-31,cruscotto_statistico_giornaliero_del_31_luglio_2017_1.pdf
Sudan,4755,2017-07-31,cruscotto_statistico_giornaliero_del_31_luglio_2017_1.pdf
Eritrea,5317,2017-07-31,cruscotto_statistico_giornaliero_del_31_luglio_2017_1.pdf
Guinea,8626,2017-07-31,cruscotto_statistico_giornaliero_del_31_luglio_2017_1.pdf
Bangladesh,8543,2017-07-31,cruscotto_statistico_giornaliero_del_31_luglio_2017_1.pdf
Costa d’Avorio,7903,2017-07-31,cruscotto_statistico_giornaliero_del_31_luglio_2017_1.pdf
Mali,5518,2017-07-31,cruscotto_statistico_giornaliero_del_31_luglio_2017_1.pdf
altre*,24650,2017-08-31,cruscotto_statistico_giornaliero_31_agosto_2017_1.pdf
Gambia,5515,2017-08-31,cruscotto_statistico_giornaliero_31_agosto_2017_1.pdf
Eritrea,5593,2017-08-31,cruscotto_statistico_giornaliero_31_agosto_2017_1.pdf
Mali,5815,2017-08-31,cruscotto_statistico_giornaliero_31_agosto_2017_1.pdf
Sudan,4991,2017-08-31,cruscotto_statistico_giornaliero_31_agosto_2017_1.pdf
Senegal,5484,2017-08-31,cruscotto_statistico_giornaliero_31_agosto_2017_1.pdf
Marocco,4762,2017-08-31,cruscotto_statistico_giornaliero_31_agosto_2017_1.pdf
Nigeria,16586,2017-08-31,cruscotto_statistico_giornaliero_31_agosto_2017_1.pdf
Costa d’Avorio,8177,2017-08-31,cruscotto_statistico_giornaliero_31_agosto_2017_1.pdf
Guinea,8801,2017-08-31,cruscotto_statistico_giornaliero_31_agosto_2017_1.pdf
Bangladesh,8745,2017-08-31,cruscotto_statistico_giornaliero_31_agosto_2017_1.pdf
Sudan,5852,2017-10-31,cruscotto_statistico_giornaliero_31_ottobre_2017_0.pdf
Nigeria,17462,2017-10-31,cruscotto_statistico_giornaliero_31_ottobre_2017_0.pdf
Guinea,9361,2017-10-31,cruscotto_statistico_giornaliero_31_ottobre_2017_0.pdf
Costa d’Avorio,8938,2017-10-31,cruscotto_statistico_giornaliero_31_ottobre_2017_0.pdf
Bangladesh,8896,2017-10-31,cruscotto_statistico_giornaliero_31_ottobre_2017_0.pdf
Mali,6740,2017-10-31,cruscotto_statistico_giornaliero_31_ottobre_2017_0.pdf
Senegal,5786,2017-10-31,cruscotto_statistico_giornaliero_31_ottobre_2017_0.pdf
Eritrea,5739,2017-10-31,cruscotto_statistico_giornaliero_31_ottobre_2017_0.pdf
Gambia,5691,2017-10-31,cruscotto_statistico_giornaliero_31_ottobre_2017_0.pdf
Marocco,5513,2017-10-31,cruscotto_statistico_giornaliero_31_ottobre_2017_0.pdf
altre*,31419,2017-10-31,cruscotto_statistico_giornaliero_31_ottobre_2017_0.pdf
Mali,7046,2017-11-30,cruscotto_statistico_giornaliero_30_novembre_2017_0.pdf
Tunisia,5971,2017-11-30,cruscotto_statistico_giornaliero_30_novembre_2017_0.pdf
Sudan,6125,2017-11-30,cruscotto_statistico_giornaliero_30_novembre_2017_0.pdf
Costa d’Avorio,9324,2017-11-30,cruscotto_statistico_giornaliero_30_novembre_2017_0.pdf
Bangladesh,8937,2017-11-30,cruscotto_statistico_giornaliero_30_novembre_2017_0.pdf
Eritrea,6836,2017-11-30,cruscotto_statistico_giornaliero_30_novembre_2017_0.pdf
Gambia,5774,2017-11-30,cruscotto_statistico_giornaliero_30_novembre_2017_0.pdf
altre*,33460,2017-11-30,cruscotto_statistico_giornaliero_30_novembre_2017_0.pdf
Senegal,5916,2017-11-30,cruscotto_statistico_giornaliero_30_novembre_2017_0.pdf
Nigeria,18049,2017-11-30,cruscotto_statistico_giornaliero_30_novembre_2017_0.pdf
Guinea,9604,2017-11-30,cruscotto_statistico_giornaliero_30_novembre_2017_0.pdf
Tunisia,6092,2017-12-31,cruscotto_statistico_giornaliero_31_dicembre_2017_0.pdf
Senegal,5994,2017-12-31,cruscotto_statistico_giornaliero_31_dicembre_2017_0.pdf
Nigeria,18153,2017-12-31,cruscotto_statistico_giornaliero_31_dicembre_2017_0.pdf
Guinea,9693,2017-12-31,cruscotto_statistico_giornaliero_31_dicembre_2017_0.pdf
Costa d’Avorio,9504,2017-12-31,cruscotto_statistico_giornaliero_31_dicembre_2017_0.pdf
Bangladesh,8995,2017-12-31,cruscotto_statistico_giornaliero_31_dicembre_2017_0.pdf
Mali,7114,2017-12-31,cruscotto_statistico_giornaliero_31_dicembre_2017_0.pdf
Eritrea,6953,2017-12-31,cruscotto_statistico_giornaliero_31_dicembre_2017_0.pdf
Sudan,6172,2017-12-31,cruscotto_statistico_giornaliero_31_dicembre_2017_0.pdf
Marocco,5928,2017-12-31,cruscotto_statistico_giornaliero_31_dicembre_2017_0.pdf
altre*,34712,2017-12-31,cruscotto_statistico_giornaliero_31_dicembre_2017_0.pdf
Sudan,102,2018-01-31,cruscotto_statistico_giornaliero_31_gennaio_2018.pdf
Tunisia,365,2018-01-31,cruscotto_statistico_giornaliero_31_gennaio_2018.pdf
Senegal,140,2018-01-31,cruscotto_statistico_giornaliero_31_gennaio_2018.pdf
Nigeria,158,2018-01-31,cruscotto_statistico_giornaliero_31_gennaio_2018.pdf
Libia,192,2018-01-31,cruscotto_statistico_giornaliero_31_gennaio_2018.pdf
Pakistan,258,2018-01-31,cruscotto_statistico_giornaliero_31_gennaio_2018.pdf
Mali,96,2018-01-31,cruscotto_statistico_giornaliero_31_gennaio_2018.pdf
Eritrea,581,2018-01-31,cruscotto_statistico_giornaliero_31_gennaio_2018.pdf
Costa D'Avorio,136,2018-01-31,cruscotto_statistico_giornaliero_31_gennaio_2018.pdf
altre*,1947,2018-01-31,cruscotto_statistico_giornaliero_31_gennaio_2018.pdf
Marocco,106,2018-01-31,cruscotto_statistico_giornaliero_31_gennaio_2018.pdf
Marocco,138,2018-02-28,cruscotto_statistico_giornaliero_28_febbraio_2018.pdf
Eritrea,1312,2018-02-28,cruscotto_statistico_giornaliero_28_febbraio_2018.pdf
Algeria,152,2018-02-28,cruscotto_statistico_giornaliero_28_febbraio_2018.pdf
Nigeria,326,2018-02-28,cruscotto_statistico_giornaliero_28_febbraio_2018.pdf
Pakistan,286,2018-02-28,cruscotto_statistico_giornaliero_28_febbraio_2018.pdf
Libia,234,2018-02-28,cruscotto_statistico_giornaliero_28_febbraio_2018.pdf
Costa D'Avorio,211,2018-02-28,cruscotto_statistico_giornaliero_28_febbraio_2018.pdf
Guinea,177,2018-02-28,cruscotto_statistico_giornaliero_28_febbraio_2018.pdf
Senegal,172,2018-02-28,cruscotto_statistico_giornaliero_28_febbraio_2018.pdf
Tunisia,1060,2018-02-28,cruscotto_statistico_giornaliero_28_febbraio_2018.pdf
altre*,1179,2018-02-28,cruscotto_statistico_giornaliero_28_febbraio_2018.pdf
altre*,1505,2018-03-31,cruscotto_statistico_giornaliero_31_marzo_2018.pdf
Sudan,184,2018-03-31,cruscotto_statistico_giornaliero_31_marzo_2018.pdf
Mali,192,2018-03-31,cruscotto_statistico_giornaliero_31_marzo_2018.pdf
Senegal,193,2018-03-31,cruscotto_statistico_giornaliero_31_marzo_2018.pdf
Eritrea,1551,2018-03-31,cruscotto_statistico_giornaliero_31_marzo_2018.pdf
Tunisia,1187,2018-03-31,cruscotto_statistico_giornaliero_31_marzo_2018.pdf
Guinea,223,2018-03-31,cruscotto_statistico_giornaliero_31_marzo_2018.pdf
Costa D'Avorio,236,2018-03-31,cruscotto_statistico_giornaliero_31_marzo_2018.pdf
Libia,239,2018-03-31,cruscotto_statistico_giornaliero_31_marzo_2018.pdf
Pakistan,288,2018-03-31,cruscotto_statistico_giornaliero_31_marzo_2018.pdf
Nigeria,363,2018-03-31,cruscotto_statistico_giornaliero_31_marzo_2018.pdf
Senegal,277,2018-04-30,cruscotto_statistico_giornaliero_30_aprile_2018.pdf
Mali,382,2018-04-30,cruscotto_statistico_giornaliero_30_aprile_2018.pdf
Pakistan,388,2018-04-30,cruscotto_statistico_giornaliero_30_aprile_2018.pdf
Sudan,456,2018-04-30,cruscotto_statistico_giornaliero_30_aprile_2018.pdf
altre*,2392,2018-04-30,cruscotto_statistico_giornaliero_30_aprile_2018.pdf
Algeria,291,2018-04-30,cruscotto_statistico_giornaliero_30_aprile_2018.pdf
Guinea,393,2018-04-30,cruscotto_statistico_giornaliero_30_aprile_2018.pdf
Eritrea,1806,2018-04-30,cruscotto_statistico_giornaliero_30_aprile_2018.pdf
Tunisia,1910,2018-04-30,cruscotto_statistico_giornaliero_30_aprile_2018.pdf
Nigeria,669,2018-04-30,cruscotto_statistico_giornaliero_30_aprile_2018.pdf
Costa D'Avorio,503,2018-04-30,cruscotto_statistico_giornaliero_30_aprile_2018.pdf
Costa d'Avorio,792,2018-05-31,cruscotto_statistico_giornaliero_31_maggio_2018.pdf
Nigeria,916,2018-05-31,cruscotto_statistico_giornaliero_31_maggio_2018.pdf
altre*,3635,2018-05-31,cruscotto_statistico_giornaliero_31_maggio_2018.pdf
Iraq,412,2018-05-31,cruscotto_statistico_giornaliero_31_maggio_2018.pdf
Algeria,425,2018-05-31,cruscotto_statistico_giornaliero_31_maggio_2018.pdf
Guinea,485,2018-05-31,cruscotto_statistico_giornaliero_31_maggio_2018.pdf
Sudan,737,2018-05-31,cruscotto_statistico_giornaliero_31_maggio_2018.pdf
Mali,605,2018-05-31,cruscotto_statistico_giornaliero_31_maggio_2018.pdf
Pakistan,478,2018-05-31,cruscotto_statistico_giornaliero_31_maggio_2018.pdf
Eritrea,2211,2018-05-31,cruscotto_statistico_giornaliero_31_maggio_2018.pdf
Tunisia,2734,2018-05-31,cruscotto_statistico_giornaliero_31_maggio_2018.pdf
Costa d'Avorio,1026,2018-06-30,cruscotto_statistico_giornaliero_30_giugno_2018.pdf
altre*,3688,2018-06-30,cruscotto_statistico_giornaliero_30_giugno_2018.pdf
Guinea,808,2018-06-30,cruscotto_statistico_giornaliero_30_giugno_2018.pdf
Pakistan,720,2018-06-30,cruscotto_statistico_giornaliero_30_giugno_2018.pdf
Eritrea,2555,2018-06-30,cruscotto_statistico_giornaliero_30_giugno_2018.pdf
Iraq,605,2018-06-30,cruscotto_statistico_giornaliero_30_giugno_2018.pdf
Algeria,570,2018-06-30,cruscotto_statistico_giornaliero_30_giugno_2018.pdf
Mali,875,2018-06-30,cruscotto_statistico_giornaliero_30_giugno_2018.pdf
Tunisia,3002,2018-06-30,cruscotto_statistico_giornaliero_30_giugno_2018.pdf
Sudan,1488,2018-06-30,cruscotto_statistico_giornaliero_30_giugno_2018.pdf
Nigeria,1229,2018-06-30,cruscotto_statistico_giornaliero_30_giugno_2018.pdf
altre*,4113,2018-07-31,cruscotto_statistico_giornaliero_31_luglio_2018.pdf
Tunisia,3321,2018-07-31,cruscotto_statistico_giornaliero_31_luglio_2018.pdf
Sudan,1595,2018-07-31,cruscotto_statistico_giornaliero_31_luglio_2018.pdf
Nigeria,1248,2018-07-31,cruscotto_statistico_giornaliero_31_luglio_2018.pdf
Algeria,708,2018-07-31,cruscotto_statistico_giornaliero_31_luglio_2018.pdf
Pakistan,978,2018-07-31,cruscotto_statistico_giornaliero_31_luglio_2018.pdf
Iraq,964,2018-07-31,cruscotto_statistico_giornaliero_31_luglio_2018.pdf
Mali,875,2018-07-31,cruscotto_statistico_giornaliero_31_luglio_2018.pdf
Guinea,809,2018-07-31,cruscotto_statistico_giornaliero_31_luglio_2018.pdf
Costa d'Avorio,1040,2018-07-31,cruscotto_statistico_giornaliero_31_luglio_2018.pdf
Eritrea,2859,2018-07-31,cruscotto_statistico_giornaliero_31_luglio_2018.pdf
Sudan,1595,2018-08-31,cruscotto_statistico_giornaliero_31_agosto_2018.pdf
Costa d'Avorio,1047,2018-08-31,cruscotto_statistico_giornaliero_31_agosto_2018.pdf
Iraq,1150,2018-08-31,cruscotto_statistico_giornaliero_31_agosto_2018.pdf
Pakistan,1237,2018-08-31,cruscotto_statistico_giornaliero_31_agosto_2018.pdf
Nigeria,1248,2018-08-31,cruscotto_statistico_giornaliero_31_agosto_2018.pdf
altre*,4444,2018-08-31,cruscotto_statistico_giornaliero_31_agosto_2018.pdf
Tunisia,3729,2018-08-31,cruscotto_statistico_giornaliero_31_agosto_2018.pdf
Eritrea,3027,2018-08-31,cruscotto_statistico_giornaliero_31_agosto_2018.pdf
Algeria,840,2018-08-31,cruscotto_statistico_giornaliero_31_agosto_2018.pdf
Guinea,809,2018-08-31,cruscotto_statistico_giornaliero_31_agosto_2018.pdf
Mali,875,2018-08-31,cruscotto_statistico_giornaliero_31_agosto_2018.pdf
altre*,4234,2018-09-30,cruscotto_statistico_giornaliero_30_settembre_2018.pdf
Algeria,976,2018-09-30,cruscotto_statistico_giornaliero_30_settembre_2018.pdf
Guinea,809,2018-09-30,cruscotto_statistico_giornaliero_30_settembre_2018.pdf
Mali,875,2018-09-30,cruscotto_statistico_giornaliero_30_settembre_2018.pdf
Iraq,1353,2018-09-30,cruscotto_statistico_giornaliero_30_settembre_2018.pdf
Nigeria,1248,2018-09-30,cruscotto_statistico_giornaliero_30_settembre_2018.pdf
Tunisia,4487,2018-09-30,cruscotto_statistico_giornaliero_30_settembre_2018.pdf
Costa d'Avorio,1047,2018-09-30,cruscotto_statistico_giornaliero_30_settembre_2018.pdf
Sudan,1595,2018-09-30,cruscotto_statistico_giornaliero_30_settembre_2018.pdf
Pakistan,1353,2018-09-30,cruscotto_statistico_giornaliero_30_settembre_2018.pdf
Eritrea,3047,2018-09-30,cruscotto_statistico_giornaliero_30_settembre_2018.pdf
altre*,4455,2018-10-31,cruscotto_statistico_giornaliero_31_ottobre_2018.pdf
Guinea,809,2018-10-31,cruscotto_statistico_giornaliero_31_ottobre_2018.pdf
Mali,875,2018-10-31,cruscotto_statistico_giornaliero_31_ottobre_2018.pdf
Costa d'Avorio,1049,2018-10-31,cruscotto_statistico_giornaliero_31_ottobre_2018.pdf
Algeria,1099,2018-10-31,cruscotto_statistico_giornaliero_31_ottobre_2018.pdf
Nigeria,1248,2018-10-31,cruscotto_statistico_giornaliero_31_ottobre_2018.pdf
Tunisia,4827,2018-10-31,cruscotto_statistico_giornaliero_31_ottobre_2018.pdf
Pakistan,1451,2018-10-31,cruscotto_statistico_giornaliero_31_ottobre_2018.pdf
Iraq,1545,2018-10-31,cruscotto_statistico_giornaliero_31_ottobre_2018.pdf
Sudan,1596,2018-10-31,cruscotto_statistico_giornaliero_31_ottobre_2018.pdf
Eritrea,3077,2018-10-31,cruscotto_statistico_giornaliero_31_ottobre_2018.pdf
Eritrea,3320,2018-11-30,cruscotto_statistico_giornaliero_30_novembre_2018.pdf
Pakistan,1589,2018-11-30,cruscotto_statistico_giornaliero_30_novembre_2018.pdf
Nigeria,1250,2018-11-30,cruscotto_statistico_giornaliero_30_novembre_2018.pdf
Tunisia,5002,2018-11-30,cruscotto_statistico_giornaliero_30_novembre_2018.pdf
Algeria,1182,2018-11-30,cruscotto_statistico_giornaliero_30_novembre_2018.pdf
Costa d'Avorio,1050,2018-11-30,cruscotto_statistico_giornaliero_30_novembre_2018.pdf
Mali,876,2018-11-30,cruscotto_statistico_giornaliero_30_novembre_2018.pdf
Guinea,810,2018-11-30,cruscotto_statistico_giornaliero_30_novembre_2018.pdf
altre*,4625,2018-11-30,cruscotto_statistico_giornaliero_30_novembre_2018.pdf
Iraq,1688,2018-11-30,cruscotto_statistico_giornaliero_30_novembre_2018.pdf
Sudan,1619,2018-11-30,cruscotto_statistico_giornaliero_30_novembre_2018.pdf
altre*,4704,2018-12-31,cruscotto_statistico_giornaliero_31_dicembre_2018.pdf
Iraq,1744,2018-12-31,cruscotto_statistico_giornaliero_31_dicembre_2018.pdf
Guinea,810,2018-12-31,cruscotto_statistico_giornaliero_31_dicembre_2018.pdf
Mali,876,2018-12-31,cruscotto_statistico_giornaliero_31_dicembre_2018.pdf
Costa d'Avorio,1064,2018-12-31,cruscotto_statistico_giornaliero_31_dicembre_2018.pdf
Algeria,1213,2018-12-31,cruscotto_statistico_giornaliero_31_dicembre_2018.pdf
Nigeria,1250,2018-12-31,cruscotto_statistico_giornaliero_31_dicembre_2018.pdf
Pakistan,1589,2018-12-31,cruscotto_statistico_giornaliero_31_dicembre_2018.pdf
Tunisia,5181,2018-12-31,cruscotto_statistico_giornaliero_31_dicembre_2018.pdf
Eritrea,3320,2018-12-31,cruscotto_statistico_giornaliero_31_dicembre_2018.pdf
Sudan,1619,2018-12-31,cruscotto_statistico_giornaliero_31_dicembre_2018.pdf
Russia,2,2019-01-31,cruscotto_statistico_giornaliero_31-01-2019_0_0.pdf
Iraq,38,2019-01-31,cruscotto_statistico_giornaliero_31-01-2019_0_0.pdf
Tunisia,31,2019-01-31,cruscotto_statistico_giornaliero_31-01-2019_0_0.pdf
Iran,13,2019-01-31,cruscotto_statistico_giornaliero_31-01-2019_0_0.pdf
Gambia,1,2019-01-31,cruscotto_statistico_giornaliero_31-01-2019_0_0.pdf
Egitto,9,2019-01-31,cruscotto_statistico_giornaliero_31-01-2019_0_0.pdf
Sudan,2,2019-01-31,cruscotto_statistico_giornaliero_31-01-2019_0_0.pdf
Pakistan,2,2019-01-31,cruscotto_statistico_giornaliero_31-01-2019_0_0.pdf
Bangladesh,57,2019-01-31,cruscotto_statistico_giornaliero_31-01-2019_0_0.pdf
Iran,13,2019-02-28,cruscotto_statistico_giornaliero_28-02-2019_0_0.pdf
Algeria,39,2019-02-28,cruscotto_statistico_giornaliero_28-02-2019_0_0.pdf
Tunisia,52,2019-02-28,cruscotto_statistico_giornaliero_28-02-2019_0_0.pdf
Iraq,38,2019-02-28,cruscotto_statistico_giornaliero_28-02-2019_0_0.pdf
Senegal,19,2019-02-28,cruscotto_statistico_giornaliero_28-02-2019_0_0.pdf
Guinea,18,2019-02-28,cruscotto_statistico_giornaliero_28-02-2019_0_0.pdf
Egitto,9,2019-02-28,cruscotto_statistico_giornaliero_28-02-2019_0_0.pdf
Sudan,6,2019-02-28,cruscotto_statistico_giornaliero_28-02-2019_0_0.pdf
Pakistan,2,2019-02-28,cruscotto_statistico_giornaliero_28-02-2019_0_0.pdf
Bangladesh,57,2019-02-28,cruscotto_statistico_giornaliero_28-02-2019_0_0.pdf
altre*,9,2019-02-28,cruscotto_statistico_giornaliero_28-02-2019_0_0.pdf
Bangladesh,57,2019-03-31,cruscotto_statistico_giornaliero_31-03-2019_0.pdf
Guinea,36,2019-03-31,cruscotto_statistico_giornaliero_31-03-2019_0.pdf
Senegal,33,2019-03-31,cruscotto_statistico_giornaliero_31-03-2019_0.pdf
Somalia,25,2019-03-31,cruscotto_statistico_giornaliero_31-03-2019_0.pdf
Iran,22,2019-03-31,cruscotto_statistico_giornaliero_31-03-2019_0.pdf
Eritrea,11,2019-03-31,cruscotto_statistico_giornaliero_31-03-2019_0.pdf
Nigeria,11,2019-03-31,cruscotto_statistico_giornaliero_31-03-2019_0.pdf
Algeria,78,2019-03-31,cruscotto_statistico_giornaliero_31-03-2019_0.pdf
altre*,52,2019-03-31,cruscotto_statistico_giornaliero_31-03-2019_0.pdf
Iraq,62,2019-03-31,cruscotto_statistico_giornaliero_31-03-2019_0.pdf
Tunisia,130,2019-03-31,cruscotto_statistico_giornaliero_31-03-2019_0.pdf
Turchia,20,2019-04-30,cruscotto_statistico_giornaliero_30-04-2019_0_0.pdf
altre*,72,2019-04-30,cruscotto_statistico_giornaliero_30-04-2019_0_0.pdf
Tunisia,250,2019-04-30,cruscotto_statistico_giornaliero_30-04-2019_0_0.pdf
Algeria,95,2019-04-30,cruscotto_statistico_giornaliero_30-04-2019_0_0.pdf
Iraq,79,2019-04-30,cruscotto_statistico_giornaliero_30-04-2019_0_0.pdf
Bangladesh,57,2019-04-30,cruscotto_statistico_giornaliero_30-04-2019_0_0.pdf
Pakistan,57,2019-04-30,cruscotto_statistico_giornaliero_30-04-2019_0_0.pdf
Guinea,36,2019-04-30,cruscotto_statistico_giornaliero_30-04-2019_0_0.pdf
Senegal,33,2019-04-30,cruscotto_statistico_giornaliero_30-04-2019_0_0.pdf
Somalia,25,2019-04-30,cruscotto_statistico_giornaliero_30-04-2019_0_0.pdf
Iran,22,2019-04-30,cruscotto_statistico_giornaliero_30-04-2019_0_0.pdf
Iraq,165,2019-05-31,cruscotto_statistico_giornaliero_31-05-2019_0.pdf
Bangladesh,145,2019-05-31,cruscotto_statistico_giornaliero_31-05-2019_0.pdf
Algeria,201,2019-05-31,cruscotto_statistico_giornaliero_31-05-2019_0.pdf
Costa d'Avorio,66,2019-05-31,cruscotto_statistico_giornaliero_31-05-2019_0.pdf
altre*,256,2019-05-31,cruscotto_statistico_giornaliero_31-05-2019_0.pdf
Sudan,38,2019-05-31,cruscotto_statistico_giornaliero_31-05-2019_0.pdf
Guinea,36,2019-05-31,cruscotto_statistico_giornaliero_31-05-2019_0.pdf
Marocco,35,2019-05-31,cruscotto_statistico_giornaliero_31-05-2019_0.pdf
Egitto,40,2019-05-31,cruscotto_statistico_giornaliero_31-05-2019_0.pdf
Pakistan,232,2019-05-31,cruscotto_statistico_giornaliero_31-05-2019_0.pdf
Tunisia,347,2019-05-31,cruscotto_statistico_giornaliero_31-05-2019_0.pdf
Sudan,79,2019-06-30,cruscotto_statistico_giornaliero_30-06-2019.pdf
Iran,67,2019-06-30,cruscotto_statistico_giornaliero_30-06-2019.pdf
Guinea,65,2019-06-30,cruscotto_statistico_giornaliero_30-06-2019.pdf
Senegal,54,2019-06-30,cruscotto_statistico_giornaliero_30-06-2019.pdf
altre*,504,2019-06-30,cruscotto_statistico_giornaliero_30-06-2019.pdf
Iraq,252,2019-06-30,cruscotto_statistico_giornaliero_30-06-2019.pdf
Algeria,264,2019-06-30,cruscotto_statistico_giornaliero_30-06-2019.pdf
Pakistan,426,2019-06-30,cruscotto_statistico_giornaliero_30-06-2019.pdf
Tunisia,581,2019-06-30,cruscotto_statistico_giornaliero_30-06-2019.pdf
Costa d'Avorio,196,2019-06-30,cruscotto_statistico_giornaliero_30-06-2019.pdf
Bangladesh,190,2019-06-30,cruscotto_statistico_giornaliero_30-06-2019.pdf
Algeria,339,2019-07-31,cruscotto_statistico_giornaliero_31-07-2019.pdf
Bangladesh,190,2019-07-31,cruscotto_statistico_giornaliero_31-07-2019.pdf
Iran,101,2019-07-31,cruscotto_statistico_giornaliero_31-07-2019.pdf
altre*,640,2019-07-31,cruscotto_statistico_giornaliero_31-07-2019.pdf
Sudan,91,2019-07-31,cruscotto_statistico_giornaliero_31-07-2019.pdf
Marocco,71,2019-07-31,cruscotto_statistico_giornaliero_31-07-2019.pdf
Guinea,91,2019-07-31,cruscotto_statistico_giornaliero_31-07-2019.pdf
Costa d'Avorio,419,2019-07-31,cruscotto_statistico_giornaliero_31-07-2019.pdf
Iraq,309,2019-07-31,cruscotto_statistico_giornaliero_31-07-2019.pdf
Tunisia,858,2019-07-31,cruscotto_statistico_giornaliero_31-07-2019.pdf
Pakistan,620,2019-07-31,cruscotto_statistico_giornaliero_31-07-2019.pdf
Tunisia,1326,2019-08-31,cruscotto_statistico_giornaliero_31-08-2019.pdf
Costa d'Avorio,518,2019-08-31,cruscotto_statistico_giornaliero_31-08-2019.pdf
Algeria,488,2019-08-31,cruscotto_statistico_giornaliero_31-08-2019.pdf
Iraq,399,2019-08-31,cruscotto_statistico_giornaliero_31-08-2019.pdf
altre*,851,2019-08-31,cruscotto_statistico_giornaliero_31-08-2019.pdf
Pakistan,745,2019-08-31,cruscotto_statistico_giornaliero_31-08-2019.pdf
Iran,108,2019-08-31,cruscotto_statistico_giornaliero_31-08-2019.pdf
Marocco,114,2019-08-31,cruscotto_statistico_giornaliero_31-08-2019.pdf
Sudan,205,2019-08-31,cruscotto_statistico_giornaliero_31-08-2019.pdf
Bangladesh,231,2019-08-31,cruscotto_statistico_giornaliero_31-08-2019.pdf
Guinea,104,2019-08-31,cruscotto_statistico_giornaliero_31-08-2019.pdf
Pakistan,922,2019-09-30,cruscotto_statistico_giornaliero_30-09-2019_0.pdf
Marocco,132,2019-09-30,cruscotto_statistico_giornaliero_30-09-2019_0.pdf
Guinea,187,2019-09-30,cruscotto_statistico_giornaliero_30-09-2019_0.pdf
Iran,188,2019-09-30,cruscotto_statistico_giornaliero_30-09-2019_0.pdf
Bangladesh,259,2019-09-30,cruscotto_statistico_giornaliero_30-09-2019_0.pdf
Sudan,344,2019-09-30,cruscotto_statistico_giornaliero_30-09-2019_0.pdf
Iraq,582,2019-09-30,cruscotto_statistico_giornaliero_30-09-2019_0.pdf
Algeria,723,2019-09-30,cruscotto_statistico_giornaliero_30-09-2019_0.pdf
Costa d'Avorio,864,2019-09-30,cruscotto_statistico_giornaliero_30-09-2019_0.pdf
Tunisia,2087,2019-09-30,cruscotto_statistico_giornaliero_30-09-2019_0.pdf
altre*,1233,2019-09-30,cruscotto_statistico_giornaliero_30-09-2019_0.pdf
Costa d'Avorio,973,2019-10-31,cruscotto_statistico_giornaliero_31-10-2019.pdf
Iraq,777,2019-10-31,cruscotto_statistico_giornaliero_31-10-2019.pdf
Bangladesh,383,2019-10-31,cruscotto_statistico_giornaliero_31-10-2019.pdf
Iran,375,2019-10-31,cruscotto_statistico_giornaliero_31-10-2019.pdf
Pakistan,1094,2019-10-31,cruscotto_statistico_giornaliero_31-10-2019.pdf
Tunisia,2555,2019-10-31,cruscotto_statistico_giornaliero_31-10-2019.pdf
Marocco,190,2019-10-31,cruscotto_statistico_giornaliero_31-10-2019.pdf
Guinea,208,2019-10-31,cruscotto_statistico_giornaliero_31-10-2019.pdf
Sudan,356,2019-10-31,cruscotto_statistico_giornaliero_31-10-2019.pdf
altre*,1793,2019-10-31,cruscotto_statistico_giornaliero_31-10-2019.pdf
Algeria,944,2019-10-31,cruscotto_statistico_giornaliero_31-10-2019.pdf
Tunisia,2642,2019-11-30,cruscotto_statistico_giornaliero_30-11-2019.pdf
Pakistan,1180,2019-11-30,cruscotto_statistico_giornaliero_30-11-2019.pdf
Costa d'Avorio,1120,2019-11-30,cruscotto_statistico_giornaliero_30-11-2019.pdf
Bangladesh,520,2019-11-30,cruscotto_statistico_giornaliero_30-11-2019.pdf
Iraq,821,2019-11-30,cruscotto_statistico_giornaliero_30-11-2019.pdf
Sudan,440,2019-11-30,cruscotto_statistico_giornaliero_30-11-2019.pdf
Iran,403,2019-11-30,cruscotto_statistico_giornaliero_30-11-2019.pdf
Guinea,277,2019-11-30,cruscotto_statistico_giornaliero_30-11-2019.pdf
Nigeria,230,2019-11-30,cruscotto_statistico_giornaliero_30-11-2019.pdf
altre*,2258,2019-11-30,cruscotto_statistico_giornaliero_30-11-2019.pdf
Algeria,982,2019-11-30,cruscotto_statistico_giornaliero_30-11-2019.pdf
Pakistan,1180,2019-12-31,cruscotto_statistico_giornaliero_31-12-2019.pdf
Tunisia,2654,2019-12-31,cruscotto_statistico_giornaliero_31-12-2019.pdf
Iran,481,2019-12-31,cruscotto_statistico_giornaliero_31-12-2019.pdf
Costa d'Avorio,1139,2019-12-31,cruscotto_statistico_giornaliero_31-12-2019.pdf
Algeria,1009,2019-12-31,cruscotto_statistico_giornaliero_31-12-2019.pdf
Iraq,972,2019-12-31,cruscotto_statistico_giornaliero_31-12-2019.pdf
Bangladesh,602,2019-12-31,cruscotto_statistico_giornaliero_31-12-2019.pdf
altre*,2423,2019-12-31,cruscotto_statistico_giornaliero_31-12-2019.pdf
Sudan,446,2019-12-31,cruscotto_statistico_giornaliero_31-12-2019.pdf
Guinea,295,2019-12-31,cruscotto_statistico_giornaliero_31-12-2019.pdf
Somalia,270,2019-12-31,cruscotto_statistico_giornaliero_31-12-2019.pdf
Mali,27,2020-01-31,cruscotto_statistico_giornaliero_31_gennaio_2020.pdf
Tunisia,40,2020-01-31,cruscotto_statistico_giornaliero_31_gennaio_2020.pdf
Algeria,249,2020-01-31,cruscotto_statistico_giornaliero_31_gennaio_2020.pdf
Iran,48,2020-01-31,cruscotto_statistico_giornaliero_31_gennaio_2020.pdf
Marocco,46,2020-01-31,cruscotto_statistico_giornaliero_31_gennaio_2020.pdf
Costa d'Avorio,126,2020-01-31,cruscotto_statistico_giornaliero_31_gennaio_2020.pdf
Bangladesh,91,2020-01-31,cruscotto_statistico_giornaliero_31_gennaio_2020.pdf
Iraq,62,2020-01-31,cruscotto_statistico_giornaliero_31_gennaio_2020.pdf
Guinea,58,2020-01-31,cruscotto_statistico_giornaliero_31_gennaio_2020.pdf
Nigeria,25,2020-01-31,cruscotto_statistico_giornaliero_31_gennaio_2020.pdf
altre*,503,2020-01-31,cruscotto_statistico_giornaliero_31_gennaio_2020.pdf
Bangladesh,440,2020-02-29,cruscotto_statistico_giornaliero_29-02-2020.pdf
Algeria,308,2020-02-29,cruscotto_statistico_giornaliero_29-02-2020.pdf
Costa D'Avorio,283,2020-02-29,cruscotto_statistico_giornaliero_29-02-2020.pdf
Sudan,245,2020-02-29,cruscotto_statistico_giornaliero_29-02-2020.pdf
Somalia,172,2020-02-29,cruscotto_statistico_giornaliero_29-02-2020.pdf
Guinea,121,2020-02-29,cruscotto_statistico_giornaliero_29-02-2020.pdf
altre*,593,2020-02-29,cruscotto_statistico_giornaliero_29-02-2020.pdf
Nigeria,70,2020-02-29,cruscotto_statistico_giornaliero_29-02-2020.pdf
Tunisia,94,2020-02-29,cruscotto_statistico_giornaliero_29-02-2020.pdf
Marocco,112,2020-02-29,cruscotto_statistico_giornaliero_29-02-2020.pdf
Mali,115,2020-02-29,cruscotto_statistico_giornaliero_29-02-2020.pdf
Sudan,248,2020-03-31,cruscotto_statistico_giornaliero_31_marzo_2020.pdf
altre*,675,2020-03-31,cruscotto_statistico_giornaliero_31_marzo_2020.pdf
Iraq,72,2020-03-31,cruscotto_statistico_giornaliero_31_marzo_2020.pdf
Mali,122,2020-03-31,cruscotto_statistico_giornaliero_31_marzo_2020.pdf
Guinea,129,2020-03-31,cruscotto_statistico_giornaliero_31_marzo_2020.pdf
Marocco,145,2020-03-31,cruscotto_statistico_giornaliero_31_marzo_2020.pdf
Tunisia,154,2020-03-31,cruscotto_statistico_giornaliero_31_marzo_2020.pdf
Bangladesh,455,2020-03-31,cruscotto_statistico_giornaliero_31_marzo_2020.pdf
Algeria,312,2020-03-31,cruscotto_statistico_giornaliero_31_marzo_2020.pdf
Costa D'Avorio,310,2020-03-31,cruscotto_statistico_giornaliero_31_marzo_2020.pdf
Somalia,172,2020-03-31,cruscotto_statistico_giornaliero_31_marzo_2020.pdf
Mali,152,2020-04-30,cruscotto_statistico_giornaliero_30-04-2020.pdf
Egitto,84,2020-04-30,cruscotto_statistico_giornaliero_30-04-2020.pdf
altre*,856,2020-04-30,cruscotto_statistico_giornaliero_30-04-2020.pdf
Bangladesh,494,2020-04-30,cruscotto_statistico_giornaliero_30-04-2020.pdf
Costa d'Avorio,407,2020-04-30,cruscotto_statistico_giornaliero_30-04-2020.pdf
Algeria,319,2020-04-30,cruscotto_statistico_giornaliero_30-04-2020.pdf
Marocco,237,2020-04-30,cruscotto_statistico_giornaliero_30-04-2020.pdf
Somalia,208,2020-04-30,cruscotto_statistico_giornaliero_30-04-2020.pdf
Tunisia,186,2020-04-30,cruscotto_statistico_giornaliero_30-04-2020.pdf
Sudan,357,2020-04-30,cruscotto_statistico_giornaliero_30-04-2020.pdf
Guinea,165,2020-04-30,cruscotto_statistico_giornaliero_30-04-2020.pdf
Sudan,396,2020-05-31,cruscotto_statistico_giornaliero_31_maggio_2020.pdf
Somalia,228,2020-05-31,cruscotto_statistico_giornaliero_31_maggio_2020.pdf
Tunisia,590,2020-05-31,cruscotto_statistico_giornaliero_31_maggio_2020.pdf
Guinea,214,2020-05-31,cruscotto_statistico_giornaliero_31_maggio_2020.pdf
Mali,165,2020-05-31,cruscotto_statistico_giornaliero_31_maggio_2020.pdf
Nigeria,117,2020-05-31,cruscotto_statistico_giornaliero_31_maggio_2020.pdf
altre*,1076,2020-05-31,cruscotto_statistico_giornaliero_31_maggio_2020.pdf
Bangladesh,974,2020-05-31,cruscotto_statistico_giornaliero_31_maggio_2020.pdf
Algeria,372,2020-05-31,cruscotto_statistico_giornaliero_31_maggio_2020.pdf
Marocco,322,2020-05-31,cruscotto_statistico_giornaliero_31_maggio_2020.pdf
Costa d'Avorio,665,2020-05-31,cruscotto_statistico_giornaliero_31_maggio_2020.pdf
Somalia,230,2020-06-30,cruscotto_statistico_giornaliero_30-06-2020.pdf
altre*,1512,2020-06-30,cruscotto_statistico_giornaliero_30-06-2020.pdf
Guinea,243,2020-06-30,cruscotto_statistico_giornaliero_30-06-2020.pdf
Marocco,335,2020-06-30,cruscotto_statistico_giornaliero_30-06-2020.pdf
Algeria,427,2020-06-30,cruscotto_statistico_giornaliero_30-06-2020.pdf
Sudan,457,2020-06-30,cruscotto_statistico_giornaliero_30-06-2020.pdf
Costa d'Avorio,777,2020-06-30,cruscotto_statistico_giornaliero_30-06-2020.pdf
Bangladesh,1237,2020-06-30,cruscotto_statistico_giornaliero_30-06-2020.pdf
Tunisia,1303,2020-06-30,cruscotto_statistico_giornaliero_30-06-2020.pdf
Nigeria,123,2020-06-30,cruscotto_statistico_giornaliero_30-06-2020.pdf
Mali,168,2020-06-30,cruscotto_statistico_giornaliero_30-06-2020.pdf
altre*,3128,2020-07-31,cruscotto_statistico_giornaliero_31-07-2020.pdf
Tunisia,5357,2020-07-31,cruscotto_statistico_giornaliero_31-07-2020.pdf
Bangladesh,1830,2020-07-31,cruscotto_statistico_giornaliero_31-07-2020.pdf
Costa d'Avorio,819,2020-07-31,cruscotto_statistico_giornaliero_31-07-2020.pdf
Algeria,630,2020-07-31,cruscotto_statistico_giornaliero_31-07-2020.pdf
Sudan,466,2020-07-31,cruscotto_statistico_giornaliero_31-07-2020.pdf
Marocco,377,2020-07-31,cruscotto_statistico_giornaliero_31-07-2020.pdf
Pakistan,358,2020-07-31,cruscotto_statistico_giornaliero_31-07-2020.pdf
Somalia,273,2020-07-31,cruscotto_statistico_giornaliero_31-07-2020.pdf
Guinea,252,2020-07-31,cruscotto_statistico_giornaliero_31-07-2020.pdf
Egitto,220,2020-07-31,cruscotto_statistico_giornaliero_31-07-2020.pdf
Tunisia,7885,2020-08-31,cruscotto_statistico_giornaliero_31-08-2020.pdf
Bangladesh,3041,2020-08-31,cruscotto_statistico_giornaliero_31-08-2020.pdf
Costa d'Avorio,911,2020-08-31,cruscotto_statistico_giornaliero_31-08-2020.pdf
Algeria,858,2020-08-31,cruscotto_statistico_giornaliero_31-08-2020.pdf
Pakistan,667,2020-08-31,cruscotto_statistico_giornaliero_31-08-2020.pdf
Sudan,643,2020-08-31,cruscotto_statistico_giornaliero_31-08-2020.pdf
Marocco,569,2020-08-31,cruscotto_statistico_giornaliero_31-08-2020.pdf
Egitto,494,2020-08-31,cruscotto_statistico_giornaliero_31-08-2020.pdf
Guinea,355,2020-08-31,cruscotto_statistico_giornaliero_31-08-2020.pdf
altre*,3222,2020-08-31,cruscotto_statistico_giornaliero_31-08-2020.pdf
Somalia,549,2020-08-31,cruscotto_statistico_giornaliero_31-08-2020.pdf
Somalia,587,2020-09-30,cruscotto_statistico_giornaliero_30-09-2020.pdf
Afghanistan,516,2020-09-30,cruscotto_statistico_giornaliero_30-09-2020.pdf
altre*,4444,2020-09-30,cruscotto_statistico_giornaliero_30-09-2020.pdf
Tunisia,9878,2020-09-30,cruscotto_statistico_giornaliero_30-09-2020.pdf
Bangladesh,3175,2020-09-30,cruscotto_statistico_giornaliero_30-09-2020.pdf
Algeria,1125,2020-09-30,cruscotto_statistico_giornaliero_30-09-2020.pdf
Costa d'avorio,1031,2020-09-30,cruscotto_statistico_giornaliero_30-09-2020.pdf
Pakistan,948,2020-09-30,cruscotto_statistico_giornaliero_30-09-2020.pdf
Sudan,799,2020-09-30,cruscotto_statistico_giornaliero_30-09-2020.pdf
Marocco,619,2020-09-30,cruscotto_statistico_giornaliero_30-09-2020.pdf
Egitto,598,2020-09-30,cruscotto_statistico_giornaliero_30-09-2020.pdf
Afghanistan,794,2020-10-31,cruscotto_statistico_giornaliero_31-10-2020.pdf
Sudan,884,2020-10-31,cruscotto_statistico_giornaliero_31-10-2020.pdf
Tunisia,11195,2020-10-31,cruscotto_statistico_giornaliero_31-10-2020.pdf
Pakistan,1275,2020-10-31,cruscotto_statistico_giornaliero_31-10-2020.pdf
Costa d'Avorio,1234,2020-10-31,cruscotto_statistico_giornaliero_31-10-2020.pdf
Bangladesh,3391,2020-10-31,cruscotto_statistico_giornaliero_31-10-2020.pdf
Egitto,914,2020-10-31,cruscotto_statistico_giornaliero_31-10-2020.pdf
altre*,4926,2020-10-31,cruscotto_statistico_giornaliero_31-10-2020.pdf
Iran,653,2020-10-31,cruscotto_statistico_giornaliero_31-10-2020.pdf
Marocco,719,2020-10-31,cruscotto_statistico_giornaliero_31-10-2020.pdf
Algeria,1205,2020-10-31,cruscotto_statistico_giornaliero_31-10-2020.pdf
Algeria,1379,2020-11-30,cruscotto_statistico_giornaliero_30_novembre_2020.pdf
Tunisia,12490,2020-11-30,cruscotto_statistico_giornaliero_30_novembre_2020.pdf
Bangladesh,4132,2020-11-30,cruscotto_statistico_giornaliero_30_novembre_2020.pdf
Costa d'Avorio,1737,2020-11-30,cruscotto_statistico_giornaliero_30_novembre_2020.pdf
Pakistan,1358,2020-11-30,cruscotto_statistico_giornaliero_30_novembre_2020.pdf
altre*,6495,2020-11-30,cruscotto_statistico_giornaliero_30_novembre_2020.pdf
Sudan,1043,2020-11-30,cruscotto_statistico_giornaliero_30_novembre_2020.pdf
Marocco,995,2020-11-30,cruscotto_statistico_giornaliero_30_novembre_2020.pdf
Afghanistan,949,2020-11-30,cruscotto_statistico_giornaliero_30_novembre_2020.pdf
Somalia,809,2020-11-30,cruscotto_statistico_giornaliero_30_novembre_2020.pdf
Egitto,1155,2020-11-30,cruscotto_statistico_giornaliero_30_novembre_2020.pdf
altre*,6924,2020-12-31,cruscotto_statistico_giornaliero_31_dicembre_2020_0.pdf
Afghanistan,1009,2020-12-31,cruscotto_statistico_giornaliero_31_dicembre_2020_0.pdf
Tunisia,12883,2020-12-31,cruscotto_statistico_giornaliero_31_dicembre_2020_0.pdf
Marocco,1030,2020-12-31,cruscotto_statistico_giornaliero_31_dicembre_2020_0.pdf
Sudan,1125,2020-12-31,cruscotto_statistico_giornaliero_31_dicembre_2020_0.pdf
Egitto,1264,2020-12-31,cruscotto_statistico_giornaliero_31_dicembre_2020_0.pdf
Pakistan,1400,2020-12-31,cruscotto_statistico_giornaliero_31_dicembre_2020_0.pdf
Algeria,1458,2020-12-31,cruscotto_statistico_giornaliero_31_dicembre_2020_0.pdf
Costa d'Avorio,1950,2020-12-31,cruscotto_statistico_giornaliero_31_dicembre_2020_0.pdf
Bangladesh,4141,2020-12-31,cruscotto_statistico_giornaliero_31_dicembre_2020_0.pdf
Iran,970,2020-12-31,cruscotto_statistico_giornaliero_31_dicembre_2020_0.pdf
Eritrea,217,2021-01-31,cruscotto_statistico_giornaliero_31-01-2021.pdf
Tunisia,61,2021-01-31,cruscotto_statistico_giornaliero_31-01-2021.pdf
Afghanistan,50,2021-01-31,cruscotto_statistico_giornaliero_31-01-2021.pdf
Sudan,33,2021-01-31,cruscotto_statistico_giornaliero_31-01-2021.pdf
Guinea,29,2021-01-31,cruscotto_statistico_giornaliero_31-01-2021.pdf
Etiopia,17,2021-01-31,cruscotto_statistico_giornaliero_31-01-2021.pdf
Egitto,20,2021-01-31,cruscotto_statistico_giornaliero_31-01-2021.pdf
Costa d'Avorio,11,2021-01-31,cruscotto_statistico_giornaliero_31-01-2021.pdf
Senegal,8,2021-01-31,cruscotto_statistico_giornaliero_31-01-2021.pdf
altre*,569,2021-01-31,cruscotto_statistico_giornaliero_31-01-2021.pdf
Mali,24,2021-01-31,cruscotto_statistico_giornaliero_31-01-2021.pdf
Guinea,305,2021-02-28,cruscotto_statistico_giornaliero_28-02-2021.pdf
Costa d'Avorio,470,2021-02-28,cruscotto_statistico_giornaliero_28-02-2021.pdf
altre*,1937,2021-02-28,cruscotto_statistico_giornaliero_28-02-2021.pdf
Eritrea,239,2021-02-28,cruscotto_statistico_giornaliero_28-02-2021.pdf
Tunisia,699,2021-02-28,cruscotto_statistico_giornaliero_28-02-2021.pdf
Algeria,229,2021-02-28,cruscotto_statistico_giornaliero_28-02-2021.pdf
Bangladesh,364,2021-02-28,cruscotto_statistico_giornaliero_28-02-2021.pdf
Sudan,194,2021-02-28,cruscotto_statistico_giornaliero_28-02-2021.pdf
Mali,155,2021-02-28,cruscotto_statistico_giornaliero_28-02-2021.pdf
Marocco,131,2021-02-28,cruscotto_statistico_giornaliero_28-02-2021.pdf
Egitto,200,2021-02-28,cruscotto_statistico_giornaliero_28-02-2021.pdf
Mali,302,2021-03-31,cruscotto_statistico_giornaliero_31-03-2021.pdf
Eritrea,343,2021-03-31,cruscotto_statistico_giornaliero_31-03-2021.pdf
Egitto,233,2021-03-31,cruscotto_statistico_giornaliero_31-03-2021.pdf
Sudan,388,2021-03-31,cruscotto_statistico_giornaliero_31-03-2021.pdf
Guinea,697,2021-03-31,cruscotto_statistico_giornaliero_31-03-2021.pdf
Bangladesh,493,2021-03-31,cruscotto_statistico_giornaliero_31-03-2021.pdf
Tunisia,1055,2021-03-31,cruscotto_statistico_giornaliero_31-03-2021.pdf
altre*,1989,2021-03-31,cruscotto_statistico_giornaliero_31-03-2021.pdf
Camerun,174,2021-03-31,cruscotto_statistico_giornaliero_31-03-2021.pdf
Algeria,304,2021-03-31,cruscotto_statistico_giornaliero_31-03-2021.pdf
Costa d'Avorio,1019,2021-03-31,cruscotto_statistico_giornaliero_31-03-2021.pdf
Eritrea,436,2021-04-30,cruscotto_statistico_giornaliero_30-04-2021.pdf
Costa d'Avorio,1207,2021-04-30,cruscotto_statistico_giornaliero_30-04-2021.pdf
Bangladesh,939,2021-04-30,cruscotto_statistico_giornaliero_30-04-2021.pdf
Guinea,814,2021-04-30,cruscotto_statistico_giornaliero_30-04-2021.pdf
altre*,1965,2021-04-30,cruscotto_statistico_giornaliero_30-04-2021.pdf
Marocco,336,2021-04-30,cruscotto_statistico_giornaliero_30-04-2021.pdf
Algeria,345,2021-04-30,cruscotto_statistico_giornaliero_30-04-2021.pdf
Tunisia,1385,2021-04-30,cruscotto_statistico_giornaliero_30-04-2021.pdf
Mali,447,2021-04-30,cruscotto_statistico_giornaliero_30-04-2021.pdf
Sudan,559,2021-04-30,cruscotto_statistico_giornaliero_30-04-2021.pdf
Egitto,580,2021-04-30,cruscotto_statistico_giornaliero_30-04-2021.pdf
Mali,557,2021-05-31,cruscotto_statistico_giornaliero_31-05-2021.pdf
Eritrea,969,2021-05-31,cruscotto_statistico_giornaliero_31-05-2021.pdf
Costa d'Avorio,1379,2021-05-31,cruscotto_statistico_giornaliero_31-05-2021.pdf
Guinea,914,2021-05-31,cruscotto_statistico_giornaliero_31-05-2021.pdf
Tunisia,1981,2021-05-31,cruscotto_statistico_giornaliero_31-05-2021.pdf
Bangladesh,2520,2021-05-31,cruscotto_statistico_giornaliero_31-05-2021.pdf
Egitto,914,2021-05-31,cruscotto_statistico_giornaliero_31-05-2021.pdf
Sudan,878,2021-05-31,cruscotto_statistico_giornaliero_31-05-2021.pdf
Marocco,572,2021-05-31,cruscotto_statistico_giornaliero_31-05-2021.pdf
altre*,3315,2021-05-31,cruscotto_statistico_giornaliero_31-05-2021.pdf
Algeria,413,2021-05-31,cruscotto_statistico_giornaliero_31-05-2021.pdf
altre*,5284,2021-06-30,cruscotto_statistico_giornaliero_30-06-2021.pdf
Bangladesh,3144,2021-06-30,cruscotto_statistico_giornaliero_30-06-2021.pdf
Costa d'Avorio,1618,2021-06-30,cruscotto_statistico_giornaliero_30-06-2021.pdf
Egitto,1543,2021-06-30,cruscotto_statistico_giornaliero_30-06-2021.pdf
Eritrea,1195,2021-06-30,cruscotto_statistico_giornaliero_30-06-2021.pdf
Sudan,1142,2021-06-30,cruscotto_statistico_giornaliero_30-06-2021.pdf
Guinea,1065,2021-06-30,cruscotto_statistico_giornaliero_30-06-2021.pdf
Marocco,924,2021-06-30,cruscotto_statistico_giornaliero_30-06-2021.pdf
Iran,821,2021-06-30,cruscotto_statistico_giornaliero_30-06-2021.pdf
Mali,661,2021-06-30,cruscotto_statistico_giornaliero_30-06-2021.pdf
Tunisia,2962,2021-06-30,cruscotto_statistico_giornaliero_30-06-2021.pdf
Bangladesh,4176,2021-07-31,cruscotto_statistico_giornaliero_31-07-2021.pdf
Tunisia,6869,2021-07-31,cruscotto_statistico_giornaliero_31-07-2021.pdf
Iraq,836,2021-07-31,cruscotto_statistico_giornaliero_31-07-2021.pdf
Marocco,1081,2021-07-31,cruscotto_statistico_giornaliero_31-07-2021.pdf
Iran,1268,2021-07-31,cruscotto_statistico_giornaliero_31-07-2021.pdf
altre*,6173,2021-07-31,cruscotto_statistico_giornaliero_31-07-2021.pdf
Costa d'Avorio,2031,2021-07-31,cruscotto_statistico_giornaliero_31-07-2021.pdf
Eritrea,1428,2021-07-31,cruscotto_statistico_giornaliero_31-07-2021.pdf
Guinea,1408,2021-07-31,cruscotto_statistico_giornaliero_31-07-2021.pdf
Egitto,2291,2021-07-31,cruscotto_statistico_giornaliero_31-07-2021.pdf
Sudan,1309,2021-07-31,cruscotto_statistico_giornaliero_31-07-2021.pdf
Egitto,3504,2021-08-31,cruscotto_statistico_giornaliero_31-08-2021.pdf
altre*,7930,2021-08-31,cruscotto_statistico_giornaliero_31-08-2021.pdf
Iraq,1132,2021-08-31,cruscotto_statistico_giornaliero_31-08-2021.pdf
Sudan,1459,2021-08-31,cruscotto_statistico_giornaliero_31-08-2021.pdf
Marocco,1464,2021-08-31,cruscotto_statistico_giornaliero_31-08-2021.pdf
Guinea,1630,2021-08-31,cruscotto_statistico_giornaliero_31-08-2021.pdf
Iran,1679,2021-08-31,cruscotto_statistico_giornaliero_31-08-2021.pdf
Costa d'Avorio,2651,2021-08-31,cruscotto_statistico_giornaliero_31-08-2021.pdf
Bangladesh,5275,2021-08-31,cruscotto_statistico_giornaliero_31-08-2021.pdf
Tunisia,10801,2021-08-31,cruscotto_statistico_giornaliero_31-08-2021.pdf
Eritrea,1557,2021-08-31,cruscotto_statistico_giornaliero_31-08-2021.pdf
Iran,2377,2021-09-30,cruscotto_statistico_giornaliero_30_settembre_2021.pdf
Tunisia,12834,2021-09-30,cruscotto_statistico_giornaliero_30_settembre_2021.pdf
Iraq,1723,2021-09-30,cruscotto_statistico_giornaliero_30_settembre_2021.pdf
Egitto,4432,2021-09-30,cruscotto_statistico_giornaliero_30_settembre_2021.pdf
Costa d'Avorio,2872,2021-09-30,cruscotto_statistico_giornaliero_30_settembre_2021.pdf
Guinea,1841,2021-09-30,cruscotto_statistico_giornaliero_30_settembre_2021.pdf
Eritrea,1604,2021-09-30,cruscotto_statistico_giornaliero_30_settembre_2021.pdf
Sudan,1528,2021-09-30,cruscotto_statistico_giornaliero_30_settembre_2021.pdf
Marocco,1483,2021-09-30,cruscotto_statistico_giornaliero_30_settembre_2021.pdf
altre*,9913,2021-09-30,cruscotto_statistico_giornaliero_30_settembre_2021.pdf
Bangladesh,5560,2021-09-30,cruscotto_statistico_giornaliero_30_settembre_2021.pdf
Bangladesh,6448,2021-10-31,cruscotto_statistico_giornaliero_31-10-2021.pdf
Costa d'Avorio,3194,2021-10-31,cruscotto_statistico_giornaliero_31-10-2021.pdf
Tunisia,14187,2021-10-31,cruscotto_statistico_giornaliero_31-10-2021.pdf
Egitto,6212,2021-10-31,cruscotto_statistico_giornaliero_31-10-2021.pdf
Eritrea,1720,2021-10-31,cruscotto_statistico_giornaliero_31-10-2021.pdf
Iraq,2276,2021-10-31,cruscotto_statistico_giornaliero_31-10-2021.pdf
Guinea,1961,2021-10-31,cruscotto_statistico_giornaliero_31-10-2021.pdf
Marocco,1621,2021-10-31,cruscotto_statistico_giornaliero_31-10-2021.pdf
Sudan,1579,2021-10-31,cruscotto_statistico_giornaliero_31-10-2021.pdf
altre*,10740,2021-10-31,cruscotto_statistico_giornaliero_31-10-2021.pdf
Iran,3337,2021-10-31,cruscotto_statistico_giornaliero_31-10-2021.pdf
Iraq,2500,2021-11-30,cruscotto_statistico_giornaliero_30-11-2021.pdf
Costa d'Avorio,3564,2021-11-30,cruscotto_statistico_giornaliero_30-11-2021.pdf
Guinea,2311,2021-11-30,cruscotto_statistico_giornaliero_30-11-2021.pdf
Marocco,2162,2021-11-30,cruscotto_statistico_giornaliero_30-11-2021.pdf
Eritrea,2112,2021-11-30,cruscotto_statistico_giornaliero_30-11-2021.pdf
Iran,3755,2021-11-30,cruscotto_statistico_giornaliero_30-11-2021.pdf
Siria,1909,2021-11-30,cruscotto_statistico_giornaliero_30-11-2021.pdf
Egitto,7834,2021-11-30,cruscotto_statistico_giornaliero_30-11-2021.pdf
Tunisia,15055,2021-11-30,cruscotto_statistico_giornaliero_30-11-2021.pdf
altre*,14197,2021-11-30,cruscotto_statistico_giornaliero_30-11-2021.pdf
Bangladesh,7542,2021-11-30,cruscotto_statistico_giornaliero_30-11-2021.pdf
altre*,15593,2021-12-31,cruscotto_statistico_giornaliero_31-12-2021.pdf
Marocco,2193,2021-12-31,cruscotto_statistico_giornaliero_31-12-2021.pdf
Siria,2266,2021-12-31,cruscotto_statistico_giornaliero_31-12-2021.pdf
Eritrea,2328,2021-12-31,cruscotto_statistico_giornaliero_31-12-2021.pdf
Tunisia,15671,2021-12-31,cruscotto_statistico_giornaliero_31-12-2021.pdf
Guinea,2446,2021-12-31,cruscotto_statistico_giornaliero_31-12-2021.pdf
Egitto,8352,2021-12-31,cruscotto_statistico_giornaliero_31-12-2021.pdf
Bangladesh,7824,2021-12-31,cruscotto_statistico_giornaliero_31-12-2021.pdf
Iran,3915,2021-12-31,cruscotto_statistico_giornaliero_31-12-2021.pdf
Costa d'Avorio,3807,2021-12-31,cruscotto_statistico_giornaliero_31-12-2021.pdf
Iraq,2645,2021-12-31,cruscotto_statistico_giornaliero_31-12-2021.pdf
altre*,1026,2022-01-31,cruscotto_statistico_giornaliero_31-01-2022.pdf
Siria,31,2022-01-31,cruscotto_statistico_giornaliero_31-01-2022.pdf
Camerun,68,2022-01-31,cruscotto_statistico_giornaliero_31-01-2022.pdf
Algeria,56,2022-01-31,cruscotto_statistico_giornaliero_31-01-2022.pdf
Bangladesh,713,2022-01-31,cruscotto_statistico_giornaliero_31-01-2022.pdf
Egitto,405,2022-01-31,cruscotto_statistico_giornaliero_31-01-2022.pdf
Tunisia,339,2022-01-31,cruscotto_statistico_giornaliero_31-01-2022.pdf
Costa d'Avorio,151,2022-01-31,cruscotto_statistico_giornaliero_31-01-2022.pdf
Afghanistan,91,2022-01-31,cruscotto_statistico_giornaliero_31-01-2022.pdf
Guinea,84,2022-01-31,cruscotto_statistico_giornaliero_31-01-2022.pdf
Eritrea,71,2022-01-31,cruscotto_statistico_giornaliero_31-01-2022.pdf
Camerun,106,2022-02-28,cruscotto_statistico_giornaliero_28-02-2022_1.pdf
altre*,713,2022-02-28,cruscotto_statistico_giornaliero_28-02-2022_1.pdf
Guinea,147,2022-02-28,cruscotto_statistico_giornaliero_28-02-2022_1.pdf
Eritrea,213,2022-02-28,cruscotto_statistico_giornaliero_28-02-2022_1.pdf
Siria,262,2022-02-28,cruscotto_statistico_giornaliero_28-02-2022_1.pdf
Costa d'Avorio,273,2022-02-28,cruscotto_statistico_giornaliero_28-02-2022_1.pdf
Afghanistan,331,2022-02-28,cruscotto_statistico_giornaliero_28-02-2022_1.pdf
Tunisia,690,2022-02-28,cruscotto_statistico_giornaliero_28-02-2022_1.pdf
Bangladesh,1238,2022-02-28,cruscotto_statistico_giornaliero_28-02-2022_1.pdf
Egitto,1383,2022-02-28,cruscotto_statistico_giornaliero_28-02-2022_1.pdf
Sudan,118,2022-02-28,cruscotto_statistico_giornaliero_28-02-2022_1.pdf
Costa d'Avorio,393,2022-03-31,cruscotto_statistico_giornaliero_31-03-2022.pdf
Bangladesh,1276,2022-03-31,cruscotto_statistico_giornaliero_31-03-2022.pdf
Tunisia,918,2022-03-31,cruscotto_statistico_giornaliero_31-03-2022.pdf
Afghanistan,469,2022-03-31,cruscotto_statistico_giornaliero_31-03-2022.pdf
Eritrea,341,2022-03-31,cruscotto_statistico_giornaliero_31-03-2022.pdf
Sudan,140,2022-03-31,cruscotto_statistico_giornaliero_31-03-2022.pdf
Guinea,234,2022-03-31,cruscotto_statistico_giornaliero_31-03-2022.pdf
altre*,942,2022-03-31,cruscotto_statistico_giornaliero_31-03-2022.pdf
Camerun,145,2022-03-31,cruscotto_statistico_giornaliero_31-03-2022.pdf
Siria,291,2022-03-31,cruscotto_statistico_giornaliero_31-03-2022.pdf
Egitto,1621,2022-03-31,cruscotto_statistico_giornaliero_31-03-2022.pdf
Egitto,2000,2022-04-30,cruscotto_statistico_giornaliero_30_aprile_2022.pdf
altre*,2789,2022-04-30,cruscotto_statistico_giornaliero_30_aprile_2022.pdf
Nigeria,239,2022-04-30,cruscotto_statistico_giornaliero_30_aprile_2022.pdf
Eritrea,370,2022-04-30,cruscotto_statistico_giornaliero_30_aprile_2022.pdf
Siria,370,2022-04-30,cruscotto_statistico_giornaliero_30_aprile_2022.pdf
Sudan,247,2022-04-30,cruscotto_statistico_giornaliero_30_aprile_2022.pdf
Costa d'Avorio,576,2022-04-30,cruscotto_statistico_giornaliero_30_aprile_2022.pdf
Afghanistan,690,2022-04-30,cruscotto_statistico_giornaliero_30_aprile_2022.pdf
Tunisia,1234,2022-04-30,cruscotto_statistico_giornaliero_30_aprile_2022.pdf
Bangladesh,1545,2022-04-30,cruscotto_statistico_giornaliero_30_aprile_2022.pdf
Guinea,393,2022-04-30,cruscotto_statistico_giornaliero_30_aprile_2022.pdf
Costa d'Avorio,887,2022-05-31,cruscotto_statistico_giornaliero_31-05-2022 (1).pdf
altre*,4264,2022-05-31,cruscotto_statistico_giornaliero_31-05-2022 (1).pdf
Sudan,426,2022-05-31,cruscotto_statistico_giornaliero_31-05-2022 (1).pdf
Eritrea,571,2022-05-31,cruscotto_statistico_giornaliero_31-05-2022 (1).pdf
Iran,619,2022-05-31,cruscotto_statistico_giornaliero_31-05-2022 (1).pdf
Guinea,625,2022-05-31,cruscotto_statistico_giornaliero_31-05-2022 (1).pdf
Siria,1315,2022-05-31,cruscotto_statistico_giornaliero_31-05-2022 (1).pdf
Bangladesh,3084,2022-05-31,cruscotto_statistico_giornaliero_31-05-2022 (1).pdf
Tunisia,2206,2022-05-31,cruscotto_statistico_giornaliero_31-05-2022 (1).pdf
Egitto,3388,2022-05-31,cruscotto_statistico_giornaliero_31-05-2022 (1).pdf
Afghanistan,2031,2022-05-31,cruscotto_statistico_giornaliero_31-05-2022 (1).pdf
Iran,703,2022-06-30,cruscotto_statistico_giornaliero_30-06-2022.pdf
Guinea,688,2022-06-30,cruscotto_statistico_giornaliero_30-06-2022.pdf
Costa d'Avorio,1057,2022-06-30,cruscotto_statistico_giornaliero_30-06-2022.pdf
Eritrea,786,2022-06-30,cruscotto_statistico_giornaliero_30-06-2022.pdf
Afghanistan,2724,2022-06-30,cruscotto_statistico_giornaliero_30-06-2022.pdf
Sudan,500,2022-06-30,cruscotto_statistico_giornaliero_30-06-2022.pdf
Egitto,4267,2022-06-30,cruscotto_statistico_giornaliero_30-06-2022.pdf
Bangladesh,4688,2022-06-30,cruscotto_statistico_giornaliero_30-06-2022.pdf
altre*,6464,2022-06-30,cruscotto_statistico_giornaliero_30-06-2022.pdf
Siria,1551,2022-06-30,cruscotto_statistico_giornaliero_30-06-2022.pdf
Tunisia,3996,2022-06-30,cruscotto_statistico_giornaliero_30-06-2022.pdf
Iran,762,2022-07-31,cruscotto_statistico_giornaliero_31-07-2022.pdf
Bangladesh,5996,2022-07-31,cruscotto_statistico_giornaliero_31-07-2022.pdf
Afghanistan,3306,2022-07-31,cruscotto_statistico_giornaliero_31-07-2022.pdf
Siria,2365,2022-07-31,cruscotto_statistico_giornaliero_31-07-2022.pdf
Costa d'Avorio,1390,2022-07-31,cruscotto_statistico_giornaliero_31-07-2022.pdf
Eritrea,989,2022-07-31,cruscotto_statistico_giornaliero_31-07-2022.pdf
Guinea,978,2022-07-31,cruscotto_statistico_giornaliero_31-07-2022.pdf
Pakistan,713,2022-07-31,cruscotto_statistico_giornaliero_31-07-2022.pdf
Egitto,6636,2022-07-31,cruscotto_statistico_giornaliero_31-07-2022.pdf
altre*,10608,2022-07-31,cruscotto_statistico_giornaliero_31-07-2022.pdf
Tunisia,7427,2022-07-31,cruscotto_statistico_giornaliero_31-07-2022.pdf
Iran,1175,2022-08-31,cruscotto_statistico_giornaliero_31-08-2022.pdf
Tunisia,11742,2022-08-31,cruscotto_statistico_giornaliero_31-08-2022.pdf
Guinea,1303,2022-08-31,cruscotto_statistico_giornaliero_31-08-2022.pdf
Egitto,9958,2022-08-31,cruscotto_statistico_giornaliero_31-08-2022.pdf
Bangladesh,8727,2022-08-31,cruscotto_statistico_giornaliero_31-08-2022.pdf
Afghanistan,4256,2022-08-31,cruscotto_statistico_giornaliero_31-08-2022.pdf
Siria,3118,2022-08-31,cruscotto_statistico_giornaliero_31-08-2022.pdf
Costa d'Avorio,1917,2022-08-31,cruscotto_statistico_giornaliero_31-08-2022.pdf
Eritrea,1563,2022-08-31,cruscotto_statistico_giornaliero_31-08-2022.pdf
altre*,12138,2022-08-31,cruscotto_statistico_giornaliero_31-08-2022.pdf
Pakistan,1271,2022-08-31,cruscotto_statistico_giornaliero_31-08-2022.pdf
Iran,1586,2022-09-30,cruscotto_statistico_giornaliero_30-09-2022.pdf
Guinea,1682,2022-09-30,cruscotto_statistico_giornaliero_30-09-2022.pdf
Pakistan,1691,2022-09-30,cruscotto_statistico_giornaliero_30-09-2022.pdf
Eritrea,1904,2022-09-30,cruscotto_statistico_giornaliero_30-09-2022.pdf
Costa d'Avorio,2320,2022-09-30,cruscotto_statistico_giornaliero_30-09-2022.pdf
Siria,5316,2022-09-30,cruscotto_statistico_giornaliero_30-09-2022.pdf
Afghanistan,5445,2022-09-30,cruscotto_statistico_giornaliero_30-09-2022.pdf
Bangladesh,10886,2022-09-30,cruscotto_statistico_giornaliero_30-09-2022.pdf
Egitto,14194,2022-09-30,cruscotto_statistico_giornaliero_30-09-2022.pdf
Tunisia,14600,2022-09-30,cruscotto_statistico_giornaliero_30-09-2022.pdf
altre*,11701,2022-09-30,cruscotto_statistico_giornaliero_30-09-2022.pdf
Egitto,16415,2022-10-31,cruscotto_statistico_giornaliero_31-10-2022.pdf
Pakistan,1882,2022-10-31,cruscotto_statistico_giornaliero_31-10-2022.pdf
Iran,1909,2022-10-31,cruscotto_statistico_giornaliero_31-10-2022.pdf
Eritrea,1925,2022-10-31,cruscotto_statistico_giornaliero_31-10-2022.pdf
Guinea,2478,2022-10-31,cruscotto_statistico_giornaliero_31-10-2022.pdf
Costa d'Avorio,2972,2022-10-31,cruscotto_statistico_giornaliero_31-10-2022.pdf
Afghanistan,5878,2022-10-31,cruscotto_statistico_giornaliero_31-10-2022.pdf
Siria,6090,2022-10-31,cruscotto_statistico_giornaliero_31-10-2022.pdf
Bangladesh,11845,2022-10-31,cruscotto_statistico_giornaliero_31-10-2022.pdf
altre*,16948,2022-10-31,cruscotto_statistico_giornaliero_31-10-2022.pdf
Tunisia,16699,2022-10-31,cruscotto_statistico_giornaliero_31-10-2022.pdf
Eritrea,2054,2022-11-30,cruscotto_statistico_giornaliero_30_novembre_2022.pdf
Siria,7934,2022-11-30,cruscotto_statistico_giornaliero_30_novembre_2022.pdf
Afghanistan,6809,2022-11-30,cruscotto_statistico_giornaliero_30_novembre_2022.pdf
Costa d'Avorio,4794,2022-11-30,cruscotto_statistico_giornaliero_30_novembre_2022.pdf
Guinea,3685,2022-11-30,cruscotto_statistico_giornaliero_30_novembre_2022.pdf
Egitto,20020,2022-11-30,cruscotto_statistico_giornaliero_30_novembre_2022.pdf
altre*,12608,2022-11-30,cruscotto_statistico_giornaliero_30_novembre_2022.pdf
Bangladesh,14028,2022-11-30,cruscotto_statistico_giornaliero_30_novembre_2022.pdf
Tunisia,17443,2022-11-30,cruscotto_statistico_giornaliero_30_novembre_2022.pdf
Iran,2261,2022-11-30,cruscotto_statistico_giornaliero_30_novembre_2022.pdf
Pakistan,2705,2022-11-30,cruscotto_statistico_giornaliero_30_novembre_2022.pdf
Costa d'Avorio,5973,2022-12-31,cruscotto_statistico_giornaliero_31_dicembre_2022.pdf
altre*,17572,2022-12-31,cruscotto_statistico_giornaliero_31_dicembre_2022.pdf
Eritrea,2101,2022-12-31,cruscotto_statistico_giornaliero_31_dicembre_2022.pdf
Iran,2326,2022-12-31,cruscotto_statistico_giornaliero_31_dicembre_2022.pdf
Egitto,20542,2022-12-31,cruscotto_statistico_giornaliero_31_dicembre_2022.pdf
Guinea,4473,2022-12-31,cruscotto_statistico_giornaliero_31_dicembre_2022.pdf
Tunisia,18148,2022-12-31,cruscotto_statistico_giornaliero_31_dicembre_2022.pdf
Bangladesh,14982,2022-12-31,cruscotto_statistico_giornaliero_31_dicembre_2022.pdf
Siria,8594,2022-12-31,cruscotto_statistico_giornaliero_31_dicembre_2022.pdf
Afghanistan,7241,2022-12-31,cruscotto_statistico_giornaliero_31_dicembre_2022.pdf
Pakistan,3188,2022-12-31,cruscotto_statistico_giornaliero_31_dicembre_2022.pdf
Tunisia,341,2023-01-31,cruscotto_statistico_giornaliero_31-01-2023.pdf
Egitto,358,2023-01-31,cruscotto_statistico_giornaliero_31-01-2023.pdf
Siria,253,2023-01-31,cruscotto_statistico_giornaliero_31-01-2023.pdf
Pakistan,414,2023-01-31,cruscotto_statistico_giornaliero_31-01-2023.pdf
Guinea,502,2023-01-31,cruscotto_statistico_giornaliero_31-01-2023.pdf
Bangladesh,232,2023-01-31,cruscotto_statistico_giornaliero_31-01-2023.pdf
Eritrea,213,2023-01-31,cruscotto_statistico_giornaliero_31-01-2023.pdf
Camerun,145,2023-01-31,cruscotto_statistico_giornaliero_31-01-2023.pdf
Afghanistan,334,2023-01-31,cruscotto_statistico_giornaliero_31-01-2023.pdf
altre*,1368,2023-01-31,cruscotto_statistico_giornaliero_31-01-2023.pdf
Costa d'Avorio,799,2023-01-31,cruscotto_statistico_giornaliero_31-01-2023.pdf
Eritrea,462,2023-02-28,cruscotto_statistico_giornaliero_28-02-2023.pdf
Mali,495,2023-02-28,cruscotto_statistico_giornaliero_28-02-2023.pdf
Egitto,621,2023-02-28,cruscotto_statistico_giornaliero_28-02-2023.pdf
Burkina Faso,447,2023-02-28,cruscotto_statistico_giornaliero_28-02-2023.pdf
Guinea,2050,2023-02-28,cruscotto_statistico_giornaliero_28-02-2023.pdf
Costa d'Avorio,2020,2023-02-28,cruscotto_statistico_giornaliero_28-02-2023.pdf
Tunisia,1117,2023-02-28,cruscotto_statistico_giornaliero_28-02-2023.pdf
Pakistan,1107,2023-02-28,cruscotto_statistico_giornaliero_28-02-2023.pdf
Bangladesh,1066,2023-02-28,cruscotto_statistico_giornaliero_28-02-2023.pdf
Camerun,508,2023-02-28,cruscotto_statistico_giornaliero_28-02-2023.pdf
altre*,4540,2023-02-28,cruscotto_statistico_giornaliero_28-02-2023.pdf
Pakistan,2221,2023-03-31,cruscotto_statistico_giornaliero_31-03-2023.pdf
Burkina Faso,732,2023-03-31,cruscotto_statistico_giornaliero_31-03-2023.pdf
Mali,814,2023-03-31,cruscotto_statistico_giornaliero_31-03-2023.pdf
Siria,938,2023-03-31,cruscotto_statistico_giornaliero_31-03-2023.pdf
Guinea,3352,2023-03-31,cruscotto_statistico_giornaliero_31-03-2023.pdf
Costa d'Avorio,4047,2023-03-31,cruscotto_statistico_giornaliero_31-03-2023.pdf
Bangladesh,1941,2023-03-31,cruscotto_statistico_giornaliero_31-03-2023.pdf
Camerun,1083,2023-03-31,cruscotto_statistico_giornaliero_31-03-2023.pdf
Egitto,1860,2023-03-31,cruscotto_statistico_giornaliero_31-03-2023.pdf
Tunisia,1888,2023-03-31,cruscotto_statistico_giornaliero_31-03-2023.pdf
altre*,8404,2023-03-31,cruscotto_statistico_giornaliero_31-03-2023.pdf
Egitto,4414,2023-04-30,cruscotto_statistico_giornaliero_30-04-2023.pdf
Pakistan,3851,2023-04-30,cruscotto_statistico_giornaliero_30-04-2023.pdf
Costa d'Avorio,5894,2023-04-30,cruscotto_statistico_giornaliero_30-04-2023.pdf
Bangladesh,3154,2023-04-30,cruscotto_statistico_giornaliero_30-04-2023.pdf
Siria,2185,2023-04-30,cruscotto_statistico_giornaliero_30-04-2023.pdf
Camerun,1629,2023-04-30,cruscotto_statistico_giornaliero_30-04-2023.pdf
Burkina Faso,1219,2023-04-30,cruscotto_statistico_giornaliero_30-04-2023.pdf
Mali,1098,2023-04-30,cruscotto_statistico_giornaliero_30-04-2023.pdf
altre*,11087,2023-04-30,cruscotto_statistico_giornaliero_30-04-2023.pdf
Guinea,4608,2023-04-30,cruscotto_statistico_giornaliero_30-04-2023.pdf
Tunisia,2935,2023-04-30,cruscotto_statistico_giornaliero_30-04-2023.pdf
Burkina Faso,2015,2023-05-31,cruscotto_statistico_giornaliero_31-05-2023.pdf
Camerun,1959,2023-05-31,cruscotto_statistico_giornaliero_31-05-2023.pdf
Costa d'Avorio,7380,2023-05-31,cruscotto_statistico_giornaliero_31-05-2023.pdf
Bangladesh,4628,2023-05-31,cruscotto_statistico_giornaliero_31-05-2023.pdf
Tunisia,3432,2023-05-31,cruscotto_statistico_giornaliero_31-05-2023.pdf
Siria,2752,2023-05-31,cruscotto_statistico_giornaliero_31-05-2023.pdf
altre*,9957,2023-05-31,cruscotto_statistico_giornaliero_31-05-2023.pdf
Mali,1466,2023-05-31,cruscotto_statistico_giornaliero_31-05-2023.pdf
Guinea,5996,2023-05-31,cruscotto_statistico_giornaliero_31-05-2023.pdf
Pakistan,4630,2023-05-31,cruscotto_statistico_giornaliero_31-05-2023.pdf
Egitto,5478,2023-05-31,cruscotto_statistico_giornaliero_31-05-2023.pdf
Egitto,7128,2023-06-30,cruscotto_statistico_giornaliero_30-06-2023.pdf
Mali,1901,2023-06-30,cruscotto_statistico_giornaliero_30-06-2023.pdf
Pakistan,5943,2023-06-30,cruscotto_statistico_giornaliero_30-06-2023.pdf
Bangladesh,5910,2023-06-30,cruscotto_statistico_giornaliero_30-06-2023.pdf
Tunisia,4318,2023-06-30,cruscotto_statistico_giornaliero_30-06-2023.pdf
Siria,3665,2023-06-30,cruscotto_statistico_giornaliero_30-06-2023.pdf
Burkina Faso,3018,2023-06-30,cruscotto_statistico_giornaliero_30-06-2023.pdf
Camerun,2141,2023-06-30,cruscotto_statistico_giornaliero_30-06-2023.pdf
Guinea,7155,2023-06-30,cruscotto_statistico_giornaliero_30-06-2023.pdf
Costa d'Avorio,7921,2023-06-30,cruscotto_statistico_giornaliero_30-06-2023.pdf
altre*,15830,2023-06-30,cruscotto_statistico_giornaliero_30-06-2023.pdf
altre*,24199,2023-07-31,cruscotto_statistico_giornaliero_31-07-2023.pdf
Camerun,3084,2023-07-31,cruscotto_statistico_giornaliero_31-07-2023.pdf
Siria,4149,2023-07-31,cruscotto_statistico_giornaliero_31-07-2023.pdf
Burkina Faso,5361,2023-07-31,cruscotto_statistico_giornaliero_31-07-2023.pdf
Tunisia,6087,2023-07-31,cruscotto_statistico_giornaliero_31-07-2023.pdf
Mali,3042,2023-07-31,cruscotto_statistico_giornaliero_31-07-2023.pdf
Bangladesh,6729,2023-07-31,cruscotto_statistico_giornaliero_31-07-2023.pdf
Egitto,7792,2023-07-31,cruscotto_statistico_giornaliero_31-07-2023.pdf
Guinea,10858,2023-07-31,cruscotto_statistico_giornaliero_31-07-2023.pdf
Costa d'Avorio,10998,2023-07-31,cruscotto_statistico_giornaliero_31-07-2023.pdf
Pakistan,6575,2023-07-31,cruscotto_statistico_giornaliero_31-07-2023.pdf
altre*,40255,2023-08-31,cruscotto_statistico_giornaliero_31-08-2023.pdf
Camerun,3797,2023-08-31,cruscotto_statistico_giornaliero_31-08-2023.pdf
Siria,4428,2023-08-31,cruscotto_statistico_giornaliero_31-08-2023.pdf
Burkina Faso,6076,2023-08-31,cruscotto_statistico_giornaliero_31-08-2023.pdf
Pakistan,6175,2023-08-31,cruscotto_statistico_giornaliero_31-08-2023.pdf
Bangladesh,7035,2023-08-31,cruscotto_statistico_giornaliero_31-08-2023.pdf
Egitto,8058,2023-08-31,cruscotto_statistico_giornaliero_31-08-2023.pdf
Tunisia,9283,2023-08-31,cruscotto_statistico_giornaliero_31-08-2023.pdf
Costa d'Avorio,12763,2023-08-31,cruscotto_statistico_giornaliero_31-08-2023.pdf
Guinea,13052,2023-08-31,cruscotto_statistico_giornaliero_31-08-2023.pdf
Mali,3604,2023-08-31,cruscotto_statistico_giornaliero_31-08-2023.pdf
altre*,42263,2023-09-30,cruscotto_statistico_giornaliero_30-09-2023.pdf
Mali,4965,2023-09-30,cruscotto_statistico_giornaliero_30-09-2023.pdf
Pakistan,6350,2023-09-30,cruscotto_statistico_giornaliero_30-09-2023.pdf
Burkina Faso,7584,2023-09-30,cruscotto_statistico_giornaliero_30-09-2023.pdf
Bangladesh,7882,2023-09-30,cruscotto_statistico_giornaliero_30-09-2023.pdf
Egitto,8693,2023-09-30,cruscotto_statistico_giornaliero_30-09-2023.pdf
Tunisia,14097,2023-09-30,cruscotto_statistico_giornaliero_30-09-2023.pdf
Costa d'Avorio,14998,2023-09-30,cruscotto_statistico_giornaliero_30-09-2023.pdf
Guinea,16431,2023-09-30,cruscotto_statistico_giornaliero_30-09-2023.pdf
Camerun,4689,2023-09-30,cruscotto_statistico_giornaliero_30-09-2023.pdf
Siria,5665,2023-09-30,cruscotto_statistico_giornaliero_30-09-2023.pdf
altre*,45782,2023-10-31,cruscotto_statistico_giornaliero_31-10-2023.pdf
Camerun,4959,2023-10-31,cruscotto_statistico_giornaliero_31-10-2023.pdf
Mali,5492,2023-10-31,cruscotto_statistico_giornaliero_31-10-2023.pdf
Pakistan,6470,2023-10-31,cruscotto_statistico_giornaliero_31-10-2023.pdf
Burkina Faso,8253,2023-10-31,cruscotto_statistico_giornaliero_31-10-2023.pdf
Bangladesh,8335,2023-10-31,cruscotto_statistico_giornaliero_31-10-2023.pdf
Siria,6307,2023-10-31,cruscotto_statistico_giornaliero_31-10-2023.pdf
Tunisia,15769,2023-10-31,cruscotto_statistico_giornaliero_31-10-2023.pdf
Costa d'Avorio,15797,2023-10-31,cruscotto_statistico_giornaliero_31-10-2023.pdf
Guinea,17708,2023-10-31,cruscotto_statistico_giornaliero_31-10-2023.pdf
Egitto,9167,2023-10-31,cruscotto_statistico_giornaliero_31-10-2023.pdf
Burkina Faso,8410,2023-11-30,cruscotto_statistico_giornaliero_30-11-2023.pdf
Siria,9285,2023-11-30,cruscotto_statistico_giornaliero_30-11-2023.pdf
Egitto,10882,2023-11-30,cruscotto_statistico_giornaliero_30-11-2023.pdf
Bangladesh,11518,2023-11-30,cruscotto_statistico_giornaliero_30-11-2023.pdf
Costa d'Avorio,15967,2023-11-30,cruscotto_statistico_giornaliero_30-11-2023.pdf
Tunisia,17073,2023-11-30,cruscotto_statistico_giornaliero_30-11-2023.pdf
Guinea,18159,2023-11-30,cruscotto_statistico_giornaliero_30-11-2023.pdf
Pakistan,7454,2023-11-30,cruscotto_statistico_giornaliero_30-11-2023.pdf
altre*,41859,2023-11-30,cruscotto_statistico_giornaliero_30-11-2023.pdf
Mali,5866,2023-11-30,cruscotto_statistico_giornaliero_30-11-2023.pdf
Sudan,5799,2023-11-30,cruscotto_statistico_giornaliero_30-11-2023.pdf
Tunisia,17322,2023-12-31,cruscotto_statistico_giornaliero_31-12-2023.pdf
Costa d'Avorio,16005,2023-12-31,cruscotto_statistico_giornaliero_31-12-2023.pdf
Bangladesh,12169,2023-12-31,cruscotto_statistico_giornaliero_31-12-2023.pdf
Egitto,11072,2023-12-31,cruscotto_statistico_giornaliero_31-12-2023.pdf
Siria,9547,2023-12-31,cruscotto_statistico_giornaliero_31-12-2023.pdf
altre*,45498,2023-12-31,cruscotto_statistico_giornaliero_31-12-2023.pdf
Sudan,5834,2023-12-31,cruscotto_statistico_giornaliero_31-12-2023.pdf
Mali,5938,2023-12-31,cruscotto_statistico_giornaliero_31-12-2023.pdf
Burkina Faso,8414,2023-12-31,cruscotto_statistico_giornaliero_31-12-2023.pdf
Guinea,18211,2023-12-31,cruscotto_statistico_giornaliero_31-12-2023.pdf
Pakistan,7642,2023-12-31,cruscotto_statistico_giornaliero_31-12-2023.pdf
Mali,27,2024-01-31,cruscotto_statistico_giornaliero_31-01-2024.pdf
Etiopia,37,2024-01-31,cruscotto_statistico_giornaliero_31-01-2024.pdf
Gambia,46,2024-01-31,cruscotto_statistico_giornaliero_31-01-2024.pdf
Sudan,94,2024-01-31,cruscotto_statistico_giornaliero_31-01-2024.pdf
Pakistan,106,2024-01-31,cruscotto_statistico_giornaliero_31-01-2024.pdf
Egitto,146,2024-01-31,cruscotto_statistico_giornaliero_31-01-2024.pdf
Tunisia,258,2024-01-31,cruscotto_statistico_giornaliero_31-01-2024.pdf
altre*,729,2024-01-31,cruscotto_statistico_giornaliero_31-01-2024.pdf
Siria,368,2024-01-31,cruscotto_statistico_giornaliero_31-01-2024.pdf
Bangladesh,301,2024-01-31,cruscotto_statistico_giornaliero_31-01-2024.pdf
Eritrea,31,2024-01-31,cruscotto_statistico_giornaliero_31-01-2024.pdf
Guinea,109,2024-02-29,cruscotto_statistico_giornaliero_29-02-2024.pdf
Tunisia,698,2024-02-29,cruscotto_statistico_giornaliero_29-02-2024.pdf
Egitto,508,2024-02-29,cruscotto_statistico_giornaliero_29-02-2024.pdf
Gambia,66,2024-02-29,cruscotto_statistico_giornaliero_29-02-2024.pdf
Eritrea,248,2024-02-29,cruscotto_statistico_giornaliero_29-02-2024.pdf
Pakistan,244,2024-02-29,cruscotto_statistico_giornaliero_29-02-2024.pdf
Siria,758,2024-02-29,cruscotto_statistico_giornaliero_29-02-2024.pdf
Bangladesh,1124,2024-02-29,cruscotto_statistico_giornaliero_29-02-2024.pdf
Etiopia,187,2024-02-29,cruscotto_statistico_giornaliero_29-02-2024.pdf
Sudan,149,2024-02-29,cruscotto_statistico_giornaliero_29-02-2024.pdf
altre*,415,2024-02-29,cruscotto_statistico_giornaliero_29-02-2024.pdf
Pakistan,620,2024-03-31,cruscotto_statistico_giornaliero_31.03.2024.pdf
Mali,379,2024-03-31,cruscotto_statistico_giornaliero_31.03.2024.pdf
Egitto,917,2024-03-31,cruscotto_statistico_giornaliero_31.03.2024.pdf
Gambia,332,2024-03-31,cruscotto_statistico_giornaliero_31.03.2024.pdf
Sudan,328,2024-03-31,cruscotto_statistico_giornaliero_31.03.2024.pdf
altre*,1483,2024-03-31,cruscotto_statistico_giornaliero_31.03.2024.pdf
Tunisia,1371,2024-03-31,cruscotto_statistico_giornaliero_31.03.2024.pdf
Siria,2084,2024-03-31,cruscotto_statistico_giornaliero_31.03.2024.pdf
Bangladesh,2670,2024-03-31,cruscotto_statistico_giornaliero_31.03.2024.pdf
Guinea,849,2024-03-31,cruscotto_statistico_giornaliero_31.03.2024.pdf
Eritrea,340,2024-03-31,cruscotto_statistico_giornaliero_31.03.2024.pdf
altre*,2612,2024-04-30,cruscotto_statistico_giornaliero_30_aprile_2024.pdf
Egitto,1037,2024-04-30,cruscotto_statistico_giornaliero_30_aprile_2024.pdf
Siria,2460,2024-04-30,cruscotto_statistico_giornaliero_30_aprile_2024.pdf
Tunisia,2224,2024-04-30,cruscotto_statistico_giornaliero_30_aprile_2024.pdf
Guinea,1629,2024-04-30,cruscotto_statistico_giornaliero_30_aprile_2024.pdf
Pakistan,690,2024-04-30,cruscotto_statistico_giornaliero_30_aprile_2024.pdf
Mali,596,2024-04-30,cruscotto_statistico_giornaliero_30_aprile_2024.pdf
Sudan,497,2024-04-30,cruscotto_statistico_giornaliero_30_aprile_2024.pdf
Gambia,495,2024-04-30,cruscotto_statistico_giornaliero_30_aprile_2024.pdf
Costa d'Avorio,472,2024-04-30,cruscotto_statistico_giornaliero_30_aprile_2024.pdf
Bangladesh,3425,2024-04-30,cruscotto_statistico_giornaliero_30_aprile_2024.pdf
Mali,763,2024-05-31,cruscotto_statistico_giornaliero_31-05-2024.pdf
Bangladesh,4387,2024-05-31,cruscotto_statistico_giornaliero_31-05-2024.pdf
Egitto,1308,2024-05-31,cruscotto_statistico_giornaliero_31-05-2024.pdf
Costa d'Avorio,619,2024-05-31,cruscotto_statistico_giornaliero_31-05-2024.pdf
Sudan,603,2024-05-31,cruscotto_statistico_giornaliero_31-05-2024.pdf
altre*,3953,2024-05-31,cruscotto_statistico_giornaliero_31-05-2024.pdf
Guinea,1849,2024-05-31,cruscotto_statistico_giornaliero_31-05-2024.pdf
Tunisia,2910,2024-05-31,cruscotto_statistico_giornaliero_31-05-2024.pdf
Siria,2983,2024-05-31,cruscotto_statistico_giornaliero_31-05-2024.pdf
Pakistan,813,2024-05-31,cruscotto_statistico_giornaliero_31-05-2024.pdf
Gambia,677,2024-05-31,cruscotto_statistico_giornaliero_31-05-2024.pdf
Guinea,2001,2024-06-30,Cruscotto statistico al 30 giugno 2024.pdf
Siria,3692,2024-06-30,Cruscotto statistico al 30 giugno 2024.pdf
altre*,5540,2024-06-30,Cruscotto statistico al 30 giugno 2024.pdf
Sudan,846,2024-06-30,Cruscotto statistico al 30 giugno 2024.pdf
Mali,852,2024-06-30,Cruscotto statistico al 30 giugno 2024.pdf
Gambia,883,2024-06-30,Cruscotto statistico al 30 giugno 2024.pdf
Pakistan,978,2024-06-30,Cruscotto statistico al 30 giugno 2024.pdf
Egitto,1591,2024-06-30,Cruscotto statistico al 30 giugno 2024.pdf
Costa d'Avorio,692,2024-06-30,Cruscotto statistico al 30 giugno 2024.pdf
Tunisia,3219,2024-06-30,Cruscotto statistico al 30 giugno 2024.pdf
Bangladesh,5382,2024-06-30,Cruscotto statistico al 30 giugno 2024.pdf
Bangladesh,8203,2024-08-31,Cruscotto statistico al 31 agosto 2024.pdf
Tunisia,5772,2024-08-31,Cruscotto statistico al 31 agosto 2024.pdf
Egitto,2520,2024-08-31,Cruscotto statistico al 31 agosto 2024.pdf
Guinea,2368,2024-08-31,Cruscotto statistico al 31 agosto 2024.pdf
Pakistan,1494,2024-08-31,Cruscotto statistico al 31 agosto 2024.pdf
Eritrea,1311,2024-08-31,Cruscotto statistico al 31 agosto 2024.pdf
Sudan,1139,2024-08-31,Cruscotto statistico al 31 agosto 2024.pdf
Mali,1089,2024-08-31,Cruscotto statistico al 31 agosto 2024.pdf
Gambia,999,2024-08-31,Cruscotto statistico al 31 agosto 2024.pdf
Siria,6782,2024-08-31,Cruscotto statistico al 31 agosto 2024.pdf
altre*,9940,2024-08-31,Cruscotto statistico al 31 agosto 2024.pdf
Mali,1231,2024-09-30,Cruscotto statistico al 30 settembre 2024.pdf
Sudan,1453,2024-09-30,Cruscotto statistico al 30 settembre 2024.pdf
Eritrea,1580,2024-09-30,Cruscotto statistico al 30 settembre 2024.pdf
Pakistan,1826,2024-09-30,Cruscotto statistico al 30 settembre 2024.pdf
Guinea,2646,2024-09-30,Cruscotto statistico al 30 settembre 2024.pdf
Egitto,3036,2024-09-30,Cruscotto statistico al 30 settembre 2024.pdf
Tunisia,6584,2024-09-30,Cruscotto statistico al 30 settembre 2024.pdf
Siria,8591,2024-09-30,Cruscotto statistico al 30 settembre 2024.pdf
Bangladesh,9880,2024-09-30,Cruscotto statistico al 30 settembre 2024.pdf
altre*,11683,2024-09-30,Cruscotto statistico al 30 settembre 2024.pdf
Gambia,1181,2024-09-30,Cruscotto statistico al 30 settembre 2024.pdf
Gambia,1295,2024-10-31,Cruscotto statistico al 31 ottobre 2024.pdf
Mali,1336,2024-10-31,Cruscotto statistico al 31 ottobre 2024.pdf
Sudan,1796,2024-10-31,Cruscotto statistico al 31 ottobre 2024.pdf
Eritrea,1807,2024-10-31,Cruscotto statistico al 31 ottobre 2024.pdf
Pakistan,2314,2024-10-31,Cruscotto statistico al 31 ottobre 2024.pdf
altre*,10983,2024-10-31,Cruscotto statistico al 31 ottobre 2024.pdf
Guinea,2983,2024-10-31,Cruscotto statistico al 31 ottobre 2024.pdf
Egitto,3629,2024-10-31,Cruscotto statistico al 31 ottobre 2024.pdf
Tunisia,7289,2024-10-31,Cruscotto statistico al 31 ottobre 2024.pdf
Siria,10554,2024-10-31,Cruscotto statistico al 31 ottobre 2024.pdf
Bangladesh,11180,2024-10-31,Cruscotto statistico al 31 ottobre 2024.pdf
Eritrea,2014,2024-11-30,Cruscotto statistico al 30 novembre 2024.pdf
Sudan,2053,2024-11-30,Cruscotto statistico al 30 novembre 2024.pdf
Pakistan,2863,2024-11-30,Cruscotto statistico al 30 novembre 2024.pdf
Guinea,3452,2024-11-30,Cruscotto statistico al 30 novembre 2024.pdf
altre*,14024,2024-11-30,Cruscotto statistico al 30 novembre 2024.pdf
Egitto,4018,2024-11-30,Cruscotto statistico al 30 novembre 2024.pdf
Tunisia,7598,2024-11-30,Cruscotto statistico al 30 novembre 2024.pdf
Siria,11613,2024-11-30,Cruscotto statistico al 30 novembre 2024.pdf
Mali,1613,2024-11-30,Cruscotto statistico al 30 novembre 2024.pdf
Gambia,1463,2024-11-30,Cruscotto statistico al 30 novembre 2024.pdf
Bangladesh,12468,2024-11-30,Cruscotto statistico al 30 novembre 2024.pdf
altre*,13683,2024-12-31,cruscotto_statistico_giornaliero_31_dicembre_2024.pdf
Bangladesh,13779,2024-12-31,cruscotto_statistico_giornaliero_31_dicembre_2024.pdf
Siria,12504,2024-12-31,cruscotto_statistico_giornaliero_31_dicembre_2024.pdf
Tunisia,7677,2024-12-31,cruscotto_statistico_giornaliero_31_dicembre_2024.pdf
Egitto,4296,2024-12-31,cruscotto_statistico_giornaliero_31_dicembre_2024.pdf
Eritrea,2130,2024-12-31,cruscotto_statistico_giornaliero_31_dicembre_2024.pdf
Pakistan,3284,2024-12-31,cruscotto_statistico_giornaliero_31_dicembre_2024.pdf
Sudan,2137,2024-12-31,cruscotto_statistico_giornaliero_31_dicembre_2024.pdf
Mali,1667,2024-12-31,cruscotto_statistico_giornaliero_31_dicembre_2024.pdf
Gambia,1618,2024-12-31,cruscotto_statistico_giornaliero_31_dicembre_2024.pdf
Guinea,3542,2024-12-31,cruscotto_statistico_giornaliero_31_dicembre_2024.pdf
altre*,233,2025-01-31,cruscotto_statistico_giornaliero_31-01-2025.pdf
Somalia,52,2025-01-31,cruscotto_statistico_giornaliero_31-01-2025.pdf
Marocco,68,2025-01-31,cruscotto_statistico_giornaliero_31-01-2025.pdf
Algeria,85,2025-01-31,cruscotto_statistico_giornaliero_31-01-2025.pdf
Eritrea,119,2025-01-31,cruscotto_statistico_giornaliero_31-01-2025.pdf
Etiopia,135,2025-01-31,cruscotto_statistico_giornaliero_31-01-2025.pdf
Egitto,279,2025-01-31,cruscotto_statistico_giornaliero_31-01-2025.pdf
Siria,426,2025-01-31,cruscotto_statistico_giornaliero_31-01-2025.pdf
Pakistan,731,2025-01-31,cruscotto_statistico_giornaliero_31-01-2025.pdf
Bangladesh,1191,2025-01-31,cruscotto_statistico_giornaliero_31-01-2025.pdf
Sudan,49,2025-01-31,cruscotto_statistico_giornaliero_31-01-2025.pdf
Pakistan,1165,2025-02-28,cruscotto_statistico_giornaliero_28-02-2025.pdf
altre*,607,2025-02-28,cruscotto_statistico_giornaliero_28-02-2025.pdf
Siria,659,2025-02-28,cruscotto_statistico_giornaliero_28-02-2025.pdf
Egitto,604,2025-02-28,cruscotto_statistico_giornaliero_28-02-2025.pdf
Eritrea,291,2025-02-28,cruscotto_statistico_giornaliero_28-02-2025.pdf
Etiopia,198,2025-02-28,cruscotto_statistico_giornaliero_28-02-2025.pdf
Tunisia,186,2025-02-28,cruscotto_statistico_giornaliero_28-02-2025.pdf
Algeria,166,2025-02-28,cruscotto_statistico_giornaliero_28-02-2025.pdf
Sudan,123,2025-02-28,cruscotto_statistico_giornaliero_28-02-2025.pdf
Afghanistan,111,2025-02-28,cruscotto_statistico_giornaliero_28-02-2025.pdf
Bangladesh,2417,2025-02-28,cruscotto_statistico_giornaliero_28-02-2025.pdf
altre*,946,2025-03-31,cruscotto_statistico_giornaliero_31-03-2025.pdf
Pakistan,1335,2025-03-31,cruscotto_statistico_giornaliero_31-03-2025.pdf
Egitto,820,2025-03-31,cruscotto_statistico_giornaliero_31-03-2025.pdf
Siria,815,2025-03-31,cruscotto_statistico_giornaliero_31-03-2025.pdf
Eritrea,510,2025-03-31,cruscotto_statistico_giornaliero_31-03-2025.pdf
Sudan,423,2025-03-31,cruscotto_statistico_giornaliero_31-03-2025.pdf
Etiopia,315,2025-03-31,cruscotto_statistico_giornaliero_31-03-2025.pdf
Tunisia,238,2025-03-31,cruscotto_statistico_giornaliero_31-03-2025.pdf
Somalia,198,2025-03-31,cruscotto_statistico_giornaliero_31-03-2025.pdf
Bangladesh,3449,2025-03-31,cruscotto_statistico_giornaliero_31-03-2025.pdf
Algeria,166,2025-03-31,cruscotto_statistico_giornaliero_31-03-2025.pdf
Egitto,1575,2025-04-30,cruscotto_statistico_giornaliero_30-04-2025.pdf
Bangladesh,5796,2025-04-30,cruscotto_statistico_giornaliero_30-04-2025.pdf
Eritrea,1748,2025-04-30,cruscotto_statistico_giornaliero_30-04-2025.pdf
Pakistan,1675,2025-04-30,cruscotto_statistico_giornaliero_30-04-2025.pdf
Siria,937,2025-04-30,cruscotto_statistico_giornaliero_30-04-2025.pdf
Etiopia,752,2025-04-30,cruscotto_statistico_giornaliero_30-04-2025.pdf
Sudan,564,2025-04-30,cruscotto_statistico_giornaliero_30-04-2025.pdf
Somalia,394,2025-04-30,cruscotto_statistico_giornaliero_30-04-2025.pdf
Tunisia,246,2025-04-30,cruscotto_statistico_giornaliero_30-04-2025.pdf
Mali,195,2025-04-30,cruscotto_statistico_giornaliero_30-04-2025.pdf
altre*,1661,2025-04-30,cruscotto_statistico_giornaliero_30-04-2025.pdf
Egitto,2254,2025-05-21,cruscotto_statistico_giornaliero_21-05-2025.pdf
Bangladesh,7375,2025-05-21,cruscotto_statistico_giornaliero_21-05-2025.pdf
Eritrea,2868,2025-05-21,cruscotto_statistico_giornaliero_21-05-2025.pdf
Pakistan,2230,2025-05-21,cruscotto_statistico_giornaliero_21-05-2025.pdf
Etiopia,1039,2025-05-21,cruscotto_statistico_giornaliero_21-05-2025.pdf
Siria,1020,2025-05-21,cruscotto_statistico_giornaliero_21-05-2025.pdf
Somalia,590,2025-05-21,cruscotto_statistico_giornaliero_21-05-2025.pdf
Guinea,377,2025-05-21,cruscotto_statistico_giornaliero_21-05-2025.pdf
Tunisia,295,2025-05-21,cruscotto_statistico_giornaliero_21-05-2025.pdf
altre*,2380,2025-05-21,cruscotto_statistico_giornaliero_21-05-2025.pdf
Sudan,698,2025-05-21,cruscotto_statistico_giornaliero_21-05-2025.pdf
Mali,421,2025-06-30,Cruscotto statistico giornaliero 30-06-2025.pdf
Somalia,967,2025-06-30,Cruscotto statistico giornaliero 30-06-2025.pdf
Guinea,660,2025-06-30,Cruscotto statistico giornaliero 30-06-2025.pdf
Tunisia,558,2025-06-30,Cruscotto statistico giornaliero 30-06-2025.pdf
Algeria,548,2025-06-30,Cruscotto statistico giornaliero 30-06-2025.pdf
Iran,528,2025-06-30,Cruscotto statistico giornaliero 30-06-2025.pdf
Nigeria,463,2025-06-30,Cruscotto statistico giornaliero 30-06-2025.pdf
Costa D'Avorio,376,2025-06-30,Cruscotto statistico giornaliero 30-06-2025.pdf
Siria,1086,2025-06-30,Cruscotto statistico giornaliero 30-06-2025.pdf
Etiopia,1415,2025-06-30,Cruscotto statistico giornaliero 30-06-2025.pdf
Pakistan,2619,2025-06-30,Cruscotto statistico giornaliero 30-06-2025.pdf
Egitto,3516,2025-06-30,Cruscotto statistico giornaliero 30-06-2025.pdf
Eritrea,4338,2025-06-30,Cruscotto statistico giornaliero 30-06-2025.pdf
Bangladesh,9733,2025-06-30,Cruscotto statistico giornaliero 30-06-2025.pdf
Sudan,988,2025-06-30,Cruscotto statistico giornaliero 30-06-2025.pdf
altre*,1687,2025-06-30,Cruscotto statistico giornaliero 30-06-2025.pdf
altre*,2126,2025-07-31,Cruscotto statistico giornaliero 31-07-2025.pdf
Mali,541,2025-07-31,Cruscotto statistico giornaliero 31-07-2025.pdf
Algeria,598,2025-07-31,Cruscotto statistico giornaliero 31-07-2025.pdf
Siria,1119,2025-07-31,Cruscotto statistico giornaliero 31-07-2025.pdf
Nigeria,603,2025-07-31,Cruscotto statistico giornaliero 31-07-2025.pdf
Tunisia,662,2025-07-31,Cruscotto statistico giornaliero 31-07-2025.pdf
Iran,830,2025-07-31,Cruscotto statistico giornaliero 31-07-2025.pdf
Guinea,853,2025-07-31,Cruscotto statistico giornaliero 31-07-2025.pdf
Bangladesh,11863,2025-07-31,Cruscotto statistico giornaliero 31-07-2025.pdf
Eritrea,5051,2025-07-31,Cruscotto statistico giornaliero 31-07-2025.pdf
Egitto,4519,2025-07-31,Cruscotto statistico giornaliero 31-07-2025.pdf
Pakistan,2962,2025-07-31,Cruscotto statistico giornaliero 31-07-2025.pdf
Costa D'Avorio,452,2025-07-31,Cruscotto statistico giornaliero 31-07-2025.pdf
Etiopia,1625,2025-07-31,Cruscotto statistico giornaliero 31-07-2025.pdf
Sudan,1400,2025-07-31,Cruscotto statistico giornaliero 31-07-2025.pdf
Somalia,1341,2025-07-31,Cruscotto statistico giornaliero 31-07-2025.pdf
Sudan,2016,2025-08-31,Cruscotto statistico giornaliero 31-08-2025.pdf
altre*,2823,2025-08-31,Cruscotto statistico giornaliero 31-08-2025.pdf
Costa D'Avorio,517,2025-08-31,Cruscotto statistico giornaliero 31-08-2025.pdf
Nigeria,677,2025-08-31,Cruscotto statistico giornaliero 31-08-2025.pdf
Mali,642,2025-08-31,Cruscotto statistico giornaliero 31-08-2025.pdf
Iran,1065,2025-08-31,Cruscotto statistico giornaliero 31-08-2025.pdf
Bangladesh,13105,2025-08-31,Cruscotto statistico giornaliero 31-08-2025.pdf
Algeria,793,2025-08-31,Cruscotto statistico giornaliero 31-08-2025.pdf
Egitto,5501,2025-08-31,Cruscotto statistico giornaliero 31-08-2025.pdf
Pakistan,3086,2025-08-31,Cruscotto statistico giornaliero 31-08-2025.pdf
Etiopia,1763,2025-08-31,Cruscotto statistico giornaliero 31-08-2025.pdf
Eritrea,5761,2025-08-31,Cruscotto statistico giornaliero 31-08-2025.pdf
Siria,1162,2025-08-31,Cruscotto statistico giornaliero 31-08-2025.pdf
Guinea,1089,2025-08-31,Cruscotto statistico giornaliero 31-08-2025.pdf
Tunisia,1070,2025-08-31,Cruscotto statistico giornaliero 31-08-2025.pdf
Somalia,1570,2025-08-31,Cruscotto statistico giornaliero 31-08-2025.pdf
Iran,1379,2025-09-30,Cruscotto statistico giornaliero 30-09-2025.pdf
altre*,3636,2025-09-30,Cruscotto statistico giornaliero 30-09-2025.pdf
Afghanistan,605,2025-09-30,Cruscotto statistico giornaliero 30-09-2025.pdf
Mali,692,2025-09-30,Cruscotto statistico giornaliero 30-09-2025.pdf
Nigeria,774,2025-09-30,Cruscotto statistico giornaliero 30-09-2025.pdf
Algeria,1042,2025-09-30,Cruscotto statistico giornaliero 30-09-2025.pdf
Guinea,1166,2025-09-30,Cruscotto statistico giornaliero 30-09-2025.pdf
Siria,1212,2025-09-30,Cruscotto statistico giornaliero 30-09-2025.pdf
Tunisia,1395,2025-09-30,Cruscotto statistico giornaliero 30-09-2025.pdf
Egitto,6882,2025-09-30,Cruscotto statistico giornaliero 30-09-2025.pdf
Eritrea,6548,2025-09-30,Cruscotto statistico giornaliero 30-09-2025.pdf
Pakistan,3431,2025-09-30,Cruscotto statistico giornaliero 30-09-2025.pdf
Sudan,2765,2025-09-30,Cruscotto statistico giornaliero 30-09-2025.pdf
Somalia,2007,2025-09-30,Cruscotto statistico giornaliero 30-09-2025.pdf
Etiopia,1991,2025-09-30,Cruscotto statistico giornaliero 30-09-2025.pdf
Bangladesh,15023,2025-09-30,Cruscotto statistico giornaliero 30-09-2025.pdf
Bangladesh,18033,2025-10-31,Cruscotto statistico giornaliero 31-10-2025.pdf
Egitto,8103,2025-10-31,Cruscotto statistico giornaliero 31-10-2025.pdf
Eritrea,7234,2025-10-31,Cruscotto statistico giornaliero 31-10-2025.pdf
Pakistan,4033,2025-10-31,Cruscotto statistico giornaliero 31-10-2025.pdf
Sudan,3527,2025-10-31,Cruscotto statistico giornaliero 31-10-2025.pdf
Somalia,2803,2025-10-31,Cruscotto statistico giornaliero 31-10-2025.pdf
Etiopia,2088,2025-10-31,Cruscotto statistico giornaliero 31-10-2025.pdf
Tunisia,1564,2025-10-31,Cruscotto statistico giornaliero 31-10-2025.pdf
Iran,1561,2025-10-31,Cruscotto statistico giornaliero 31-10-2025.pdf
Guinea,1346,2025-10-31,Cruscotto statistico giornaliero 31-10-2025.pdf
Siria,1250,2025-10-31,Cruscotto statistico giornaliero 31-10-2025.pdf
Algeria,1237,2025-10-31,Cruscotto statistico giornaliero 31-10-2025.pdf
Nigeria,850,2025-10-31,Cruscotto statistico giornaliero 31-10-2025.pdf
Mali,798,2025-10-31,Cruscotto statistico giornaliero 31-10-2025.pdf
Afghanistan,615,2025-10-31,Cruscotto statistico giornaliero 31-10-2025.pdf
altre*,3899,2025-10-31,Cruscotto statistico giornaliero 31-10-2025.pdf
